REPO,archive,technology,path,stars,first_commit,introduced_at,latest_commit,dev_percentage
porter-dev/porter-archive,porter-dev-porter-archive.tar.gz,opa,internal/opa/policies/nginx/nginx_version.rego,4218.0,2020-09-21 15:11:54-04:00,2022-09-13 17:58:53-04:00,2024-05-22 19:03:48+00:00,53.929723240857400
suxess-it/kubrix,suxess-it-kubriX.tar.gz,kyverno,platform-apps/charts/kyverno/templates/policy-add-label-velero.yaml,28.0,2024-03-04 17:18:29+01:00,2024-08-02 12:30:13+02:00,2025-06-27 11:31:59+00:00,31.42097141441490
nulldriver/cf-cli-resource,nulldriver-cf-cli-resource.tar.gz,opa,ci/trivy-ignore.rego,45.0,2017-03-10 22:13:13-06:00,2023-05-26 22:28:04-05:00,2024-10-01 00:04:34+00:00,82.1481526264011
xenitab/gatekeeper-library,XenitAB-gatekeeper-library.tar.gz,opa,library/modifysets/remove-azure-node-spot-taints.yaml,13.0,2020-08-10 16:19:48+02:00,2023-01-27 14:38:07+01:00,2023-06-20 08:05:05+00:00,86.22561584851180
c0c0n3/kitt4sme,c0c0n3-kitt4sme.tar.gz,opa,poc/deployment/manual/opa/rego/fiware/rsa-key-pair.rego,2.0,2021-02-19 15:28:51+01:00,2021-04-05 21:48:01+02:00,2023-06-16 07:13:50+00:00,5.3409419400386000
haraldkoch/kochhaus-home,haraldkoch-kochhaus-home.tar.gz,kyverno,kubernetes/main/apps/kyverno/kyverno/policies/add-safe-to-evict.yaml,141.0,2021-06-03 15:06:43-04:00,2023-12-27 11:49:22-05:00,2025-06-10 13:31:55+00:00,63.831950091247800
evry-ace/helm-charts,evry-ace-helm-charts.tar.gz,opa,policy/deny.rego,8.0,2018-08-07 22:28:49+02:00,2019-12-29 21:01:12+01:00,2024-12-12 12:17:41+00:00,21.95151749296010
kuberise/kuberise.io,kuberise-kuberise.io.tar.gz,kyverno,values/onprem/platform/policy/add-labels.yaml,34.0,2023-07-24 19:08:43+02:00,2025-02-27 17:39:23+01:00,2025-05-16 11:16:10+00:00,88.24708183888150
trevorbox/service-mesh-patterns,trevorbox-service-mesh-patterns.tar.gz,gatekeeper,ossm-2.4/secure-ingressgateway/helm/gatekeeper-constraints/templates/k8srequiredannotations-require-sidecar-annotation.yaml,30.0,2020-06-16 10:17:16-07:00,2023-08-16 11:51:18-07:00,2024-06-05 23:34:08+00:00,79.71425368211800
getupcloud/helm-charts,getupcloud-helm-charts.tar.gz,kyverno,charts-dev/kyverno-config/templates/namespaced-resource-limits-pods.yaml,3.0,2021-02-11 23:28:48-03:00,2023-02-06 18:03:14-03:00,2025-06-04 15:59:03+00:00,46.05942452700530
azure/shieldguard,Azure-ShieldGuard.tar.gz,opa,docs/manual/samples/001-get-started/policy/001-app-name-required.rego,9.0,2022-11-07 23:48:22+00:00,2023-01-30 14:03:04-08:00,2025-06-19 23:55:33+00:00,8.788108545729310
azure/aca-landing-zone-accelerator,Azure-aca-landing-zone-accelerator.tar.gz,azure,scenarios/aca-internal/bicep/modules/02-spoke/modules/policy/policy-definitions/aca-no-monitoring.json,197.0,2022-08-25 14:55:07+00:00,2023-07-26 18:39:30+03:00,2025-02-04 17:11:56+00:00,37.47150106222270
kubebb/components,kubebb-components.tar.gz,kyverno,charts/cluster-component/charts/openebs/templates/kyverno/require-user-groups.yaml,4.0,2023-06-06 09:49:22+08:00,2023-07-05 16:46:58+08:00,2024-03-15 06:21:07+00:00,10.342926260769100
cisagov/scubagear,cisagov-ScubaGear.tar.gz,opa,PowerShell/ScubaGear/Testing/Unit/Rego/PowerPlatform/PowerPlatformBaseConfig.rego,2187.0,2022-07-21 12:46:42-04:00,2024-07-18 12:38:32-04:00,2025-06-26 17:18:41+00:00,67.97191705885770
sighupio/container-signature-enforcer,sighupio-container-signature-enforcer.tar.gz,opa,deployments/helm/opa-notary-connector/opa-config/minio.rego,27.0,2020-05-12 17:29:09+02:00,2020-07-24 10:00:53+02:00,2022-08-31 15:31:31+00:00,8.643110779141200
azure/avdaccelerator,Azure-avdaccelerator.tar.gz,azure,workload/policies/zeroTrust/policyDefinitions/policy-definition-es-vm-disk-zero-trust.json,385.0,2022-01-12 09:49:59-05:00,2023-06-13 13:00:26-05:00,2025-06-27 12:36:23+00:00,40.98021216122160
pluralsh/bootstrap,pluralsh-bootstrap.tar.gz,gatekeeper,resources/policy/bundles/pss-baseline-v2022/host-namespaces-hostnetwork.yaml,1.0,2023-12-24 18:47:11-05:00,2024-03-27 11:10:42+01:00,2025-06-10 14:21:40+00:00,17.509693209015500
samyuan1990/probe,SamYuan1990-Probe.tar.gz,opa,andLogic.rego,36.0,2020-10-14 20:21:15+08:00,2022-03-24 22:34:03+08:00,2025-06-23 04:39:41+00:00,30.717494556159900
holaplex/hub-permissions,holaplex-hub-permissions.tar.gz,opa,policies/graphql/lib.rego,1.0,2023-02-10 04:22:28-05:00,2023-03-10 18:04:33-03:00,2023-10-18 11:50:24+00:00,11.39034256108460
clayrisser/charts,clayrisser-charts.tar.gz,kyverno,beta/penpot/templates/patches/enable-istio.yaml,14.0,2018-10-07 00:00:00+00:00,2024-01-29 13:30:13+00:00,2024-03-08 09:03:17+00:00,98.03904844114340
nais/aivenator,nais-aivenator.tar.gz,kyverno,charts/aivenator/templates/clusterpolicy.yaml,0.0,2021-04-28 13:01:57+02:00,2023-12-04 15:27:49+01:00,2025-06-06 11:09:29+00:00,63.34264328028730
gepaplexx/gp-helm-chart-development,gepaplexx-gp-helm-chart-development.tar.gz,kyverno,bke-development/gp-cicd-tools/templates/workflows/archive-objectstorage.yaml,2.0,2021-12-10 09:21:04+01:00,2023-06-02 09:32:41+02:00,2025-01-03 11:30:59+00:00,48.11633406057150
kondukto-io/kntrl,kondukto-io-kntrl.tar.gz,opa,bundle/kntrl/custom/custom.rego,116.0,2024-01-18 00:40:27+03:00,2024-04-02 17:18:15+03:00,2025-05-13 08:06:24+00:00,15.722364555766800
concourse/ci,concourse-ci.tar.gz,opa,trivy-ignore/6.7-image.rego,39.0,2019-05-28 10:40:54-04:00,2021-07-14 17:20:45-04:00,2025-06-10 15:46:05+00:00,35.295315045891400
tenable/terrascan,tenable-terrascan.tar.gz,opa,pkg/policies/opa/rego/aws/aws_vpc/defaultVpcExist.rego,4949.0,2017-09-10 23:06:21-04:00,2020-08-09 11:37:19-07:00,2025-05-06 11:08:08+00:00,38.06439341155840
binxio/aws-cfn-update,binxio-aws-cfn-update.tar.gz,cloudformation-guard,samples/config-rule-inline-code/dynamodb-pitr-enabled.guard,16.0,2018-04-20 12:59:02+02:00,2022-11-19 09:34:02+01:00,2024-08-13 13:23:35+00:00,72.55424682235880
hashicorp-services/enablement-terraform-lab-modules,hashicorp-services-enablement-terraform-lab-modules.tar.gz,hashicorp-sentinel,lab-tfc-sentinel-policy/restrict-aws-instances-type.sentinel,3.0,2023-01-15 00:37:38-08:00,2023-04-20 12:54:26-07:00,2025-05-19 21:44:40+00:00,11.15894861555770
oracle-devrel/cd3-automation-toolkit,oracle-devrel-cd3-automation-toolkit.tar.gz,opa,cd3_automation_toolkit/user-scripts/OPA/Logging_Monitoring/default_tags_check.rego,61.0,2022-10-10 11:30:19-05:00,2023-09-06 12:14:23+05:30,2025-05-14 17:40:04+00:00,34.90772897789110
alexrogalskiy/javascript-patterns,AlexRogalskiy-javascript-patterns.tar.gz,opa,policy/kubernetes.rego,1.0,2021-02-01 13:49:42+03:00,2021-08-12 01:08:42+03:00,2025-06-27 02:47:56+00:00,11.917324106993100
open-policy-agent/gatekeeper,open-policy-agent-gatekeeper.tar.gz,opa,demo/mutation/assignimagedemo.yaml,3908.0,2018-10-26 14:05:57-07:00,2023-04-28 05:49:02-07:00,2025-06-09 19:06:36+00:00,68.01949110249410
ismailbay/k8s-dev-stack,ismailbay-k8s-dev-stack.tar.gz,kyverno,kubernetes/apps/kyverno/kyverno/policies/remove-cpu-limits.yaml,0.0,2023-11-25 10:09:13+00:00,2024-11-18 15:45:57+01:00,2025-05-31 00:41:34+00:00,64.99971169841140
buvis/clusters,buvis-clusters.tar.gz,kyverno,cluster-home/operations/kube-tools/kyverno/policies/remove-cpu-limits.yaml,21.0,2022-01-17 21:34:41+01:00,2023-04-04 13:40:56+02:00,2025-06-10 07:52:40+00:00,35.63047491920350
ryan-mcd/gitops-home-cluster,ryan-mcd-gitops-home-cluster.tar.gz,kyverno,cluster/apps/kyverno/policies/add-ndots.yaml,14.0,2021-07-25 21:45:12-04:00,2022-11-09 04:28:46+00:00,2025-06-07 03:19:43+00:00,33.36343408978990
open-cluster-management-io/policy-collection,open-cluster-management-io-policy-collection.tar.gz,kyverno,policygenerator/kustomize/policy3_kyverno/kyverno.yaml,223.0,2020-06-17 16:49:06-04:00,2022-01-17 15:11:42-05:00,2025-05-29 17:46:16+00:00,32.04287281914740
ministryofjustice/modernisation-platform-environments,ministryofjustice-modernisation-platform-environments.tar.gz,opa,policies/terraform/deny.rego,39.0,2021-04-20 09:45:28+01:00,2021-06-10 16:24:17+01:00,2025-06-10 16:08:06+00:00,3.3906437641071500
azure/bicep-registry-modules,Azure-bicep-registry-modules.tar.gz,azure,avm/ptn/aca-lza/hosting-environment/modules/policy/policy-definitions/aca-no-monitoring.json,622.0,2022-01-13 16:13:10-08:00,2024-08-07 18:32:54+02:00,2025-06-27 17:24:11+00:00,74.29749304437450
davidclin/cloudcustodian-policies,davidclin-cloudcustodian-policies.tar.gz,cloud-custodian,policies/vpn.yml,142.0,2018-04-13 11:11:49-07:00,2019-02-07 05:53:08+00:00,2021-09-10 07:32:44+00:00,24.044441138452800
debate-map/app,debate-map-app.tar.gz,kyverno,Packages/deploy/Kyverno/ProtectCertManagerServices.yaml,76.0,2017-02-02 09:58:36-08:00,2023-05-31 05:07:57-07:00,2025-06-10 02:42:16+00:00,75.71273066914160
replicatedhq/kurl,replicatedhq-kURL.tar.gz,opa,addons/weave/2.6.5/build-images/weave-npc/.trivyignore.rego,782.0,2019-07-25 14:14:20-07:00,2022-06-14 22:06:24+01:00,2025-06-27 03:04:27+00:00,48.769113046235500
beryju/k8s,BeryJu-k8s.tar.gz,kyverno,common-backup/kyverno/snapshot-cronjob-controller.yaml,23.0,2021-03-15 11:41:46+01:00,2022-10-22 17:32:13+02:00,2025-06-27 14:49:57+00:00,37.45285313545710
konflux-ci/konflux-test,konflux-ci-konflux-test.tar.gz,opa,policies/image/optional-labels.rego,6.0,2022-03-15 12:42:06+01:00,2022-04-13 10:33:47+02:00,2025-06-10 11:59:12+00:00,2.440315701567830
azure/azuremonitorstarterpacks,Azure-AzureMonitorStarterPacks.tar.gz,azure,misc/packs/OpenAI/monitoring.json,59.0,2023-07-09 15:25:52+00:00,2024-04-05 16:34:45-04:00,2025-06-12 11:29:22+00:00,38.53377680274150
vinod827/cloudkit-lab,vinod827-cloudkit-lab.tar.gz,kyverno,iac/demo/kyverno/2.1-kyverno-clusterpolicy-mutate-label.yml,17.0,2021-01-06 18:44:43+05:30,2025-02-16 08:41:13+05:30,2025-04-26 01:44:28+00:00,95.61038840733000
alexrogalskiy/wotd,AlexRogalskiy-wotd.tar.gz,opa,policy/deny.rego,1.0,2021-02-22 16:32:57+03:00,2021-08-19 14:55:54+03:00,2025-06-15 04:04:11+00:00,11.30732309246800
cray-hpe/cray-opa-gatekeeper,Cray-HPE-cray-opa-gatekeeper.tar.gz,opa,charts/gatekeeper-policy-library/regos/host-namespaces/host-namespaces.src.rego,0.0,2021-01-15 08:26:25-06:00,2021-11-30 01:55:01-05:00,2024-09-13 04:14:24+00:00,23.843520231744900
open-policy-agent/library,open-policy-agent-library.tar.gz,opa,docker/host_mounts.rego,99.0,2017-08-25 15:08:17-07:00,2017-12-04 19:02:00-08:00,2023-10-16 10:17:42+00:00,4.512984382942230
kubesphere/kubesphere,kubesphere-kubesphere.tar.gz,opa,config/ks-core/files/extensions.customresourcefilters.rego,16046.0,2019-03-07 17:08:54+08:00,2024-09-06 11:05:52+08:00,2025-05-29 07:51:37+00:00,88.34265081843630
dlcowen/sansfor509,dlcowen-sansfor509.tar.gz,azure,Azure/PolicyStorageToEventHub.json,201.0,2021-05-01 16:07:53-05:00,2021-07-03 19:50:20-05:00,2024-09-13 00:13:37+00:00,5.133972137670300
axeii/home-ops,axeII-home-ops.tar.gz,kyverno,kubernetes/apps/kyverno/kyverno/policies/ingress.yaml,46.0,2021-07-06 19:45:26+02:00,2024-06-29 14:24:13+02:00,2025-06-27 16:14:26+00:00,74.98790089929370
networkservicemesh/sdk,networkservicemesh-sdk.tar.gz,opa,pkg/tools/opa/sample_policies/custom_policy.rego,34.0,2020-01-14 12:21:50-06:00,2022-12-15 15:39:31+03:00,2025-05-29 13:40:03+00:00,54.32561600496110
googlecloudplatform/blueprints,GoogleCloudPlatform-blueprints.tar.gz,gatekeeper,catalog/hierarchy/simple/policies/naming-constraint.yaml,90.0,2021-02-17 23:11:03+00:00,2021-06-17 16:58:33-05:00,2025-06-24 19:31:32+00:00,7.554229761114780
giantswarm/kyverno-app,giantswarm-kyverno-app.tar.gz,kyverno,helm/kyverno/templates/core-policies/trivy-cluster-cleanup-policy.yaml,0.0,2022-08-03 14:57:02-03:00,2024-05-15 18:48:10+02:00,2025-05-27 10:06:18+00:00,63.34233860484620
azurenoops/terraform-azurerm-overlays-policy,azurenoops-terraform-azurerm-overlays-policy.tar.gz,azure,modules/policyDefinition/custompolicies/definitions/network/deny_appgw_without_waf.json,3.0,2023-02-28 11:50:48-05:00,2023-03-07 15:41:38+00:00,2024-03-18 16:55:26+00:00,1.8103930576874100
marvinbuss/terraform-landingzones,marvinbuss-Terraform-LandingZones.tar.gz,azure,code/cafModule/lib/policy_definitions/policy_definition_storage_account_virtual_network_rules_restriction.json,2.0,2023-03-16 16:23:24+01:00,2023-09-19 13:41:52+02:00,2023-12-17 10:42:57+00:00,67.74568726011160
dheerajodha/the-mentalist-quiz,dheerajodha-the-mentalist-quiz.tar.gz,opa,ec-policy/rules/verify_base_go_version.rego,0.0,2024-07-05 19:14:46+05:30,2024-09-12 02:25:20+05:30,2025-05-21 12:23:39+00:00,21.347196788439300
mailbadger/app,mailbadger-app.tar.gz,opa,opa/rbac_authz.rego,50.0,2016-09-01 23:24:39+02:00,2021-03-22 21:37:47+01:00,2022-02-06 14:55:19+00:00,83.83034809104440
sap/infrabox,SAP-InfraBox.tar.gz,opa,src/openpolicyagent/policies/projects_commits.rego,274.0,2018-03-22 10:06:47-04:00,2018-09-22 16:56:58+02:00,2025-06-17 07:44:48+00:00,6.961169257430390
alexrogalskiy/proverbs,AlexRogalskiy-proverbs.tar.gz,opa,policy/deny.rego,5.0,2021-03-10 17:47:39+03:00,2021-08-07 02:33:31+03:00,2025-06-26 15:52:37+00:00,9.519495882352010
jameswoolfenden/terraform-aws-s3,JamesWoolfenden-terraform-aws-s3.tar.gz,checkov-py,checkov/S3MFADelete.py,3.0,2018-12-25 12:52:08+00:00,2020-03-31 14:32:09+01:00,2022-10-06 09:02:00+00:00,33.459903203055300
lenaxia/home-ops-dev,lenaxia-home-ops-dev.tar.gz,kyverno,cluster/staging/apps/kyverno/policies/apply-ingress-external-dns-annotations.yaml,19.0,2022-07-04 21:29:44+00:00,2023-12-27 06:46:35+00:00,2025-05-31 02:15:25+00:00,50.92230688136790
microageservicesorg/azure-lighthouse-deploymentautomation,MicroAgeServicesOrg-Azure-Lighthouse-deploymentAutomation.tar.gz,azure,customPolicyDefinitions/customTagPolicy.json,0.0,2023-01-20 14:29:38-05:00,2023-11-03 15:44:31-04:00,2024-11-15 16:40:08+00:00,43.16708976091040
pluralsh/plural-helm-charts,pluralsh-plural-helm-charts.tar.gz,kyverno,charts/kyverno-policies/templates/default/disallow-adding-capabilities.yaml,4.0,2021-09-06 19:00:07+02:00,2022-01-26 14:45:43+01:00,2024-10-15 13:20:27+00:00,12.500799075418200
courselabs/kubernetes,courselabs-kubernetes.tar.gz,gatekeeper,labs/admission/specs/opa-gatekeeper/constraints/requiredLabels.yaml,70.0,2021-03-31 11:59:45+01:00,2021-09-21 08:32:42+01:00,2024-06-19 09:36:51+00:00,14.784415525821500
ansible/ansible-policy,ansible-ansible-policy.tar.gz,opa,ansible_policy/rego/utils.rego,24.0,2023-11-21 17:55:34+09:00,2024-06-09 16:00:28+09:00,2024-10-11 01:26:11+00:00,61.88097923230200
jferrater/opa-data-filter-spring-boot-starter,jferrater-opa-data-filter-spring-boot-starter.tar.gz,opa,opa-datafilter-core/src/integrationTest/resources/petclinic.rego,26.0,2020-02-17 17:24:03+01:00,2020-04-24 21:15:35+02:00,2020-12-10 01:47:01+00:00,22.6454689591739
diwise/iot-device-mgmt,diwise-iot-device-mgmt.tar.gz,opa,assets/config/authz.rego,1.0,2022-03-30 17:59:55+02:00,2022-08-19 00:33:22+02:00,2025-03-21 17:18:18+00:00,12.995966429540600
google/gke-policy-automation,google-gke-policy-automation.tar.gz,opa,gke-policies/rule/cluster/location.rego,525.0,2021-10-19 22:07:38+02:00,2022-03-08 11:07:33+01:00,2025-03-21 09:28:45+00:00,11.17957372008170
tvories/k8s-gitops,tvories-k8s-gitops.tar.gz,kyverno,archive/cluster/apps/system/kyverno/policies/sync-zalando-postgres-secrets.yaml,19.0,2021-06-21 12:27:32-07:00,2023-09-22 15:46:33-06:00,2025-06-10 02:34:42+00:00,56.7928272678246
shiblon/entroq,shiblon-entroq.tar.gz,opa,pkg/authz/opadata/conf/core/core-entroq-authz.rego,22.0,2018-05-22 15:13:54-04:00,2021-02-25 17:20:23-05:00,2023-06-30 16:29:30+00:00,54.165755579219
kubesphere/helm-charts,kubesphere-helm-charts.tar.gz,opa,src/main/ks-core/files/extensions.customresourcefilters.rego,106.0,2019-02-13 13:25:10+08:00,2024-09-09 11:43:52+08:00,2025-04-18 05:37:57+00:00,90.2004275444087
cloudposse/terraform-aws-components,cloudposse-terraform-aws-components.tar.gz,opa,deprecated/spacelift/rego-policies/access.default.rego,531.0,2018-04-26 13:55:42-07:00,2023-06-09 10:27:43-04:00,2025-04-22 17:45:27+00:00,73.2403968240421
orange-opensource/optisam-backend,Orange-OpenSource-optisam-backend.tar.gz,opa,notification-service/cmd/server/rbac.rego,21.0,2019-12-11 19:13:56+05:30,2023-11-03 10:11:46+05:30,2023-11-03 04:43:19+00:00,99.99992433781120
linode/apl-core,linode-apl-core.tar.gz,kyverno,charts/team-ns/templates/policies/other/required-label.yaml,2238.0,2019-07-21 22:10:17+02:00,2024-06-21 11:24:31+02:00,2025-06-10 12:47:00+00:00,83.533644689097
open-policy-agent/gatekeeper-library,open-policy-agent-gatekeeper-library.tar.gz,opa,mutation/pod-security-policy/read-only-root-filesystem/samples/mutation.yaml,676.0,2019-06-11 12:30:33-07:00,2022-02-02 19:03:00-08:00,2025-06-09 19:09:12+00:00,44.169897268932900
intel/confidential-computing-zoo,intel-confidential-computing-zoo.tar.gz,opa,cczoo/horizontal_fl_coco/coco_tools/verdictd/opt/verdictd/opa/sgxPolicy.rego,326.0,2021-11-25 14:27:30+08:00,2023-06-12 17:54:40+08:00,2025-04-09 08:05:04+00:00,45.82557406927330
securehats/securehacks,SecureHats-SecureHacks.tar.gz,azure,policies/governance/RoleAssignments/azurepolicy.json,11.0,2021-06-03 18:15:43+02:00,2021-09-22 10:30:24+02:00,2023-02-08 09:22:12+00:00,18.004644934610700
osnabrugge/home-ops,osnabrugge-home-ops.tar.gz,kyverno,kubernetes/apps/kyverno/kyverno/policies/volsync-movers.yaml,6.0,2023-03-23 22:27:26-04:00,2025-04-13 10:04:20-04:00,2025-06-10 03:22:47+00:00,92.8860636900621
giantswarm/kyverno-policies,giantswarm-kyverno-policies.tar.gz,kyverno,helm/kyverno-policies/templates/supplemental/disallow-gitrepo-volume.yaml,4.0,2022-11-15 14:00:52-05:00,2025-02-25 14:14:22-05:00,2025-05-20 08:37:10+00:00,90.88364392396360
azure/enterprise-scale,Azure-Enterprise-Scale.tar.gz,azure,src/resources/Microsoft.Authorization/policyDefinitions/DenyAction-ActivityLogs.json,1822.0,2020-06-15 11:57:41+01:00,2023-10-11 08:46:45+01:00,2025-06-22 05:05:48+00:00,66.17725697870950
elastisys/compliantkubernetes-apps,elastisys-compliantkubernetes-apps.tar.gz,opa,helmfile.d/charts/gatekeeper/podsecuritypolicies/templates/custom/read-only-root.yaml,52.0,2020-10-30 13:54:39+01:00,2023-12-22 15:12:48+01:00,2025-06-09 12:45:34+00:00,68.2150073527968
suse-edge/charts,suse-edge-charts.tar.gz,opa,charts/metallb/0.14.3/policy/speaker.rego,10.0,2023-03-12 13:39:11+00:00,2024-03-07 12:14:35+00:00,2025-06-04 15:23:34+00:00,44.28333125278860
diamondlightsource/workflows,DiamondLightSource-workflows.tar.gz,kyverno,charts/sessionspaces/templates/pod-clusterpolicy.yaml,6.0,2024-03-01 12:59:21+00:00,2024-06-21 09:13:52+00:00,2025-06-27 15:41:37+00:00,23.15058531509690
elastic/cloud-on-k8s,elastic-cloud-on-k8s.tar.gz,kyverno,hack/deployer/runner/kyverno/install/gke-policies.yaml,2724.0,2018-10-30 12:17:04+01:00,2024-05-17 10:12:46+00:00,2025-06-06 08:12:39+00:00,84.03413385837260
fahlke/flux-kind,fahlke-flux-kind.tar.gz,kyverno,kyverno-policies/add-default-labels-to-all-namespaces.yaml,0.0,2022-08-02 09:33:44+02:00,2023-06-30 01:11:18+02:00,2023-11-11 17:55:38+00:00,71.10386440955880
doitintl/kube-no-trouble,doitintl-kube-no-trouble.tar.gz,opa,pkg/rules/rego/deprecated-1-27.rego,3498.0,2020-04-08 18:55:02+01:00,2023-08-23 14:54:28+02:00,2025-01-11 19:00:30+00:00,70.83145894584250
omc-college/management-system,omc-college-management-system.tar.gz,opa,pkg/rbac/opa/authorization.rego,1.0,2020-03-28 12:24:34+02:00,2020-05-19 12:00:12+03:00,2020-07-20 18:55:56+00:00,45.42115295899450
confidential-containers/trustee,confidential-containers-trustee.tar.gz,opa,kbs/sample_policies/deny_all.rego,93.0,2022-04-25 14:45:04+02:00,2024-02-20 10:10:28-05:00,2025-06-09 05:51:17+00:00,58.39340625808630
chaitin/veinmind-tools,chaitin-veinmind-tools.tar.gz,opa,plugins/go/veinmind-iac/rules/dockerfile/add_package.rego,1592.0,2022-02-08 16:12:16+08:00,2022-11-09 15:45:40+08:00,2024-01-10 09:08:30+00:00,39.08220625026600
workshoporgtest/tailspin-spacegame,WorkshopOrgTest-tailspin-spacegame.tar.gz,azure,policies/Web_Application_should_only_be_accessible_over_HTTPS_a4af4a39-4135-47fb-b175-47fbdf85311d/policy.json,0.0,2020-02-23 14:33:31-08:00,2021-04-03 15:56:05+05:30,2023-10-10 08:41:40+00:00,30.541227666090500
portefaix/portefaix-policies,portefaix-portefaix-policies.tar.gz,opa,opa/lib/konstraint/security.rego,1.0,2021-02-28 18:37:09+01:00,2021-04-28 12:09:23+02:00,2025-01-05 14:44:17+00:00,4.17157489318283
operate-first/continuous-delivery,operate-first-continuous-delivery.tar.gz,opa,policy/openshift.rego,2.0,2020-09-14 12:31:44+02:00,2020-10-25 15:10:29+01:00,2022-02-23 21:12:23+00:00,7.802124932350420
ultra-supara/sisakulint,ultra-supara-sisakulint.tar.gz,opa,script/actions/inherit.rego,29.0,2023-10-16 14:59:39+09:00,2025-03-29 22:35:08+09:00,2025-05-20 05:09:06+00:00,91.12513687118430
nerddotdad/truecharts,nerddotdad-truecharts.tar.gz,kyverno,backups/core/kyverno-policies/app/schematic-to-pod.yaml,1.0,2024-08-12 14:44:02-07:00,2024-12-21 20:36:26-08:00,2025-06-10 13:10:55+00:00,43.523667953047200
googlecloudplatform/gke-policy-library,GoogleCloudPlatform-gke-policy-library.tar.gz,gatekeeper,anthos-bundles/nist-sp-800-190/block-secrets-of-type-basic-auth.yaml,62.0,2020-03-31 01:03:05-05:00,2023-07-13 16:55:40-07:00,2025-06-27 15:58:12+00:00,62.66906236569540
thoth-station/thoth-application,thoth-station-thoth-application.tar.gz,opa,policy/openshift.rego,12.0,2020-02-26 20:10:14+01:00,2020-06-08 10:49:38+02:00,2023-07-31 01:36:22+00:00,8.203762363273780
vmware/dod-compliance-and-automation,vmware-dod-compliance-and-automation.tar.gz,gatekeeper,tkg/2.1.0/gatekeeper-policies/tkg/repo/constraint.yaml,169.0,2019-12-17 11:34:23-06:00,2023-07-13 12:27:45-06:00,2025-06-03 13:45:45+00:00,65.37046871861300
govuk-one-login/authentication-api,govuk-one-login-authentication-api.tar.gz,checkov-yaml,checkov-policies/log-retention.yaml,15.0,2021-05-25 13:24:00+01:00,2024-06-12 17:23:43+01:00,2025-06-10 13:53:47+00:00,75.43124163016040
microsoft/genaiscript,microsoft-genaiscript.tar.gz,azure,packages/sample/src/azure-lza/02-spoke/modules/policy/policy-definitions/aca-no-monitoring.json,2637.0,2023-08-17 15:57:21+00:00,2024-01-23 15:07:37-08:00,2025-05-27 18:13:57+00:00,24.541681939002100
controlplaneio/threat-modelling-labs,controlplaneio-threat-modelling-labs.tar.gz,gatekeeper,lab4/local/source/policy/privileged/constraint.yaml,31.0,2021-07-15 10:30:54+01:00,2023-01-23 13:14:40+00:00,2023-01-23 13:17:52+00:00,99.99960115016660
redhat-cop/rego-policies,redhat-cop-rego-policies.tar.gz,opa,policy/lib/memory/src.rego,167.0,2020-05-10 22:59:35-04:00,2025-02-12 10:59:01+00:00,2025-05-15 09:15:20+00:00,94.97732832506650
jameswoolfenden/terraform-gcp-storage,JamesWoolfenden-terraform-gcp-storage.tar.gz,checkov-py,checkov/BucketsNotPublic.py,1.0,2019-10-22 16:59:44+01:00,2021-02-13 17:54:06+00:00,2023-10-09 20:40:53+00:00,33.150186316271400
grafana/mimir,grafana-mimir.tar.gz,opa,operations/policies/poddisruptionbudget.rego,4516.0,2019-11-20 17:00:23+00:00,2023-07-11 10:22:47+10:00,2025-06-10 09:05:11+00:00,65.4767518730115
bacalhau-project/bacalhau,bacalhau-project-bacalhau.tar.gz,opa,ops/marketplace-tf/modules/instance_files/authz_policy.rego,806.0,2022-02-03 13:56:07-08:00,2024-03-12 13:42:35-07:00,2025-06-05 14:54:23+00:00,63.06515881357780
eclipse-symphony/symphony,eclipse-symphony-symphony.tar.gz,gatekeeper,docs/samples/k8s/gatekeeper/policy.yaml,47.0,2023-02-16 17:28:55-08:00,2023-10-20 23:23:18+00:00,2025-06-03 16:55:10+00:00,29.35769760215830
fairwindsops/charts,FairwindsOps-charts.tar.gz,opa,incubator/opa/policies/ingress-conflicts.rego,145.0,2019-01-14 10:57:05-07:00,2019-03-27 09:46:59-06:00,2025-06-26 18:58:49+00:00,3.0534328560426100
rwejlgaard/pez-k8s,RWejlgaard-pez-k8s.tar.gz,kyverno,kyverno-custom-policies/default-pod-resources.yaml,0.0,2022-12-11 02:52:44+00:00,2023-04-07 13:53:01+00:00,2023-07-12 13:58:39+00:00,55.02538475656690
googlecloudplatform/cloud-foundation-toolkit,GoogleCloudPlatform-cloud-foundation-toolkit.tar.gz,opa,reports/sample/vm.rego,1029.0,2019-03-28 17:04:22-04:00,2019-09-29 18:48:04+10:00,2025-06-27 17:41:23+00:00,8.081474912613770
nl-ams-locgov/zaakafhandelcomponent,NL-AMS-LOCGOV-zaakafhandelcomponent.tar.gz,opa,src/main/resources/policies/zaak-rechten.rego,9.0,2021-10-16 17:18:19+02:00,2022-10-05 22:18:56+02:00,2024-08-02 12:58:34+00:00,34.6956349858907
orchestracities/anubis,orchestracities-anubis.tar.gz,opa,config/opa-service/rego/nop.rego,8.0,2021-01-26 11:56:22+01:00,2023-01-20 10:20:29+01:00,2023-08-10 12:21:47+00:00,78.17354687340360
cvat-ai/cvat,cvat-ai-cvat.tar.gz,opa,cvat/apps/quality_control/rules/quality_utils.rego,13866.0,2018-06-29 22:39:37+03:00,2024-10-10 10:12:51+02:00,2025-06-09 12:06:55+00:00,90.45358463383510
stackabletech/opa-operator,stackabletech-opa-operator.tar.gz,opa,rust/regorule-library/src/userinfo/v1.rego,18.0,2021-04-15 14:50:40+02:00,2024-08-06 15:44:45+00:00,2025-06-06 15:20:59+00:00,79.90994553530830
datadog/security-agent-policies,DataDog-security-agent-policies.tar.gz,opa,compliance/containers/cis-docker-1.2.0-2.5.rego,24.0,2020-07-30 16:34:52-04:00,2021-11-12 20:09:38+01:00,2025-06-12 18:28:59+00:00,26.432166305722900
mxab/nacp,mxab-nacp.tar.gz,opa,misc/hashitalk_secure2024/digest/digest.rego,43.0,2023-02-11 13:28:44+01:00,2024-05-17 17:45:54+02:00,2025-06-08 22:00:11+00:00,54.35391781342720
microsoft/hcsshim,microsoft-hcsshim.tar.gz,opa,internal/regopolicyinterpreter/module.rego,613.0,2017-06-27 14:28:56-07:00,2023-01-10 15:46:46-08:00,2025-06-05 17:10:46+00:00,69.76623435093430
houssemdellai/productsstoreonkubernetes,HoussemDellai-ProductsStoreOnKubernetes.tar.gz,gatekeeper,opa-gatekeeper/all_ns_must_have_gatekeeper.yaml,143.0,2018-09-26 23:38:19+02:00,2020-12-12 10:31:07+01:00,2023-03-15 04:44:39+00:00,49.530574073471900
fybrik/charts,fybrik-charts.tar.gz,opa,charts/fybrik/files/opa-server/policy-lib/allow-by-default.rego,0.0,2021-03-01 01:00:46+02:00,2023-03-05 12:46:29+02:00,2023-11-18 21:00:00+00:00,73.97302306568590
openshift-4-compliance/openshift-4-compliance-automation,openshift-4-compliance-openshift-4-compliance-automation.tar.gz,opa,open-policy-agent/trusted-image-sources/disallowed-registries/constraint.yaml,11.0,2021-03-14 10:42:10+02:00,2021-10-31 17:12:08+02:00,2022-03-19 15:12:30+00:00,62.45986580151800
ergho/homelab-ops,ergho-homelab-ops.tar.gz,kyverno,cluster/apps/kyverno/kyverno/policies/volsync-movers.yaml,16.0,2022-03-07 21:25:11+01:00,2025-01-12 21:34:01+01:00,2025-06-09 04:24:58+00:00,87.61263448014220
kaapana/kaapana,kaapana-kaapana.tar.gz,opa,services/kaapana-admin/auth-backend/auth-backend-chart/files/auth-policies.rego,196.0,2020-09-24 11:03:59+02:00,2024-09-24 10:08:35+02:00,2025-06-03 13:17:10+00:00,85.27796792494520
scribe-public/gitgat,scribe-public-gitgat.tar.gz,opa,github/token.rego,250.0,2022-06-16 08:00:57+03:00,2022-10-24 11:44:33-04:00,2023-03-08 08:00:06+00:00,49.2021630830285
thedarthmole/upswake,TheDarthMole-upswake.tar.gz,opa,rules/alwaysTrue.rego,9.0,2023-10-04 22:41:32+01:00,2024-01-08 16:48:08+00:00,2025-06-27 16:40:57+00:00,15.162642446387900
aermie/devsecops,AErmie-DevSecOps.tar.gz,azure,Infrastructure-Source-Code/AzureBicep-Examples/201/policy-definition-with-assignment/main.json,31.0,2021-02-22 07:49:53-05:00,2023-02-09 14:59:33-05:00,2025-06-18 11:19:30+00:00,45.48680595884060
qlonik/musical-parakeet,qlonik-musical-parakeet.tar.gz,kyverno,kubernetes/main/apps/kyverno/kyverno/policies/ingress-auth-annotations.yaml,3.0,2022-09-19 16:37:18-04:00,2024-02-07 17:32:03-05:00,2025-06-07 00:38:46+00:00,51.05893735886340
ossf/alpha-omega,ossf-alpha-omega.tar.gz,opa,omega/oaf/omega/assertion/policy/builtin/no_antivirus_findings.rego,105.0,2021-11-09 13:36:56-08:00,2023-03-05 15:32:06-08:00,2025-05-14 16:51:53+00:00,37.53153440292310
replicatedhq/kots-lint,replicatedhq-kots-lint.tar.gz,opa,pkg/kots/rego/builders-opa.rego,6.0,2020-03-26 20:52:50+00:00,2023-06-29 15:01:22-07:00,2025-05-20 21:49:05+00:00,63.26543750829700
intel/policy-library-intel-azure,intel-policy-library-intel-azure.tar.gz,hashicorp-sentinel,policies/intel-azurerm-windows-web-app-enforce-http2/intel-azurerm-windows-web-app-enforce-http2.sentinel,13.0,2022-11-25 10:07:09-07:00,2023-04-14 09:43:06-05:00,2025-01-16 18:14:03+00:00,17.866113024193500
portefaix/portefaix-hub,portefaix-portefaix-hub.tar.gz,kyverno,charts/portefaix-kyverno/templates/policy-C0003.yaml,7.0,2020-12-02 12:09:24+01:00,2021-06-28 18:39:54+02:00,2025-06-04 22:40:03+00:00,12.654639510816400
phylum-dev/policy,phylum-dev-policy.tar.gz,opa,minimal_code.rego,0.0,2023-03-13 19:20:01-05:00,2024-04-24 14:51:39-05:00,2025-02-11 13:02:43+00:00,58.21504238145730
h3mmy/bloopysphere,h3mmy-bloopySphere.tar.gz,kyverno,cluster/apps/kyverno/policies/add-prom-probes.yaml,62.0,2021-10-27 15:05:14-04:00,2022-10-23 14:24:31-04:00,2025-06-27 12:58:52+00:00,26.963429816632
circleci-public/circle-policy-agent,CircleCI-Public-circle-policy-agent.tar.gz,opa,internal/helpers/rego/utils/utils.rego,4.0,2022-06-23 10:31:22-04:00,2023-01-23 10:12:28-05:00,2025-05-07 15:25:58+00:00,20.40236470639170
trosvald/home-ops,trosvald-home-ops.tar.gz,kyverno,kubernetes/infra/apps/kyverno/kyverno/policies/volsync-movers.yaml,2.0,2024-08-16 15:28:21+07:00,2024-11-22 16:28:01+07:00,2025-06-10 08:17:09+00:00,32.900669169839100
teialabs/tauth,TeiaLabs-tauth.tar.gz,opa,resources/policies/tauth_utils.rego,0.0,2023-08-22 17:38:47-03:00,2024-12-19 16:01:24-03:00,2025-06-04 12:14:57+00:00,74.41606484393160
alexrogalskiy/kotlin-patterns,AlexRogalskiy-kotlin-patterns.tar.gz,opa,policy/kubernetes.rego,4.0,2020-12-13 09:47:11+03:00,2021-08-12 01:00:55+03:00,2025-06-27 02:40:35+00:00,14.584158865968300
notaryproject/ratify,ratify-project-ratify.tar.gz,gatekeeper,library/notation-validation/template.yml,264.0,2021-08-13 11:17:54-05:00,2023-05-12 17:11:27+00:00,2025-06-10 02:38:51+00:00,45.618944959869100
kubev2v/forklift,kubev2v-forklift.tar.gz,opa,validation/policies/io/konveyor/forklift/ovirt/debug.rego,88.0,2020-04-21 13:35:49-05:00,2022-09-08 13:15:18+03:00,2025-06-10 11:35:13+00:00,46.36395737599420
cloudnativegbb/cluster-baseline,CloudNativeGBB-cluster-baseline.tar.gz,opa,manifests/gatekeeper/policies/containerlimits/src.rego,4.0,2020-01-15 13:20:07-08:00,2020-06-01 13:30:02-05:00,2020-12-15 18:00:18+00:00,41.175827701710700
kokoichi206/til,kokoichi206-til.tar.gz,opa,books/anything/pac/main/main.rego,0.0,2021-07-15 17:21:38+09:00,2022-08-30 23:13:26+09:00,2025-02-02 16:50:17+00:00,31.674300669280000
soluto/airbag,Soluto-airbag.tar.gz,opa,open-policy-agent/policy.rego,23.0,2018-02-07 17:29:37+02:00,2019-05-30 08:55:06+03:00,2022-07-12 15:38:30+00:00,29.49252541486150
9elements/firmware-action,9elements-firmware-action.tar.gz,opa,.trivy_policy/policy/firmware_exception.rego,18.0,2023-01-26 16:03:17+01:00,2023-08-08 19:29:30+02:00,2025-06-10 01:05:32+00:00,22.428640027464800
tyconsulting/blogposts,tyconsulting-BlogPosts.tar.gz,azure,Azure-Bicep/policy-definitions/general/pol-deny-resource-type.json,32.0,2016-07-17 19:02:27+10:00,2024-03-06 16:19:10+11:00,2024-12-24 06:11:19+00:00,90.4916445407554
cds-snc/opa_checks,cds-snc-opa_checks.tar.gz,opa,aws_terraform/ssm_parameter_name_invalid.rego,2.0,2021-09-13 15:34:13-04:00,2023-11-11 18:17:10-05:00,2025-03-17 18:47:13+00:00,61.60616190129750
prancer-io/prancer-compliance-test,prancer-io-prancer-compliance-test.tar.gz,opa,kubernetes/cloud/PR-K8S-0030.rego,39.0,2020-05-14 20:23:08-07:00,2021-02-19 23:45:34+01:00,2024-06-13 07:44:17+00:00,18.84383028852230
nakamasato/kubernetes-training,nakamasato-kubernetes-training.tar.gz,gatekeeper,contents/open-policy-agent/gatekeeper/require-labels/k8srequiredlabels.yaml,61.0,2020-05-03 10:48:13+09:00,2022-03-05 16:36:19+09:00,2025-06-09 23:14:33+00:00,36.01288447034220
tmobile/magtape,tmobile-magtape.tar.gz,opa,policies/policy-singleton-pod-check.rego,148.0,2020-04-27 20:40:44-04:00,2020-09-02 16:00:04-07:00,2023-04-14 15:44:47+00:00,11.82755205757000
jameswoolfenden/terraform-aws-cloudfront-s3,JamesWoolfenden-terraform-aws-cloudfront-s3.tar.gz,checkov-py,checkov/WAFEnabled.py,2.0,2019-07-08 23:30:07+01:00,2020-07-09 22:39:22+01:00,2023-07-29 20:06:19+00:00,24.763123189906100
secmon-lab/alertchain,secmon-lab-alertchain.tar.gz,opa,pkg/usecase/templates/policy/authz/http.rego,24.0,2021-07-13 07:18:42+09:00,2025-01-05 09:31:33+09:00,2025-01-19 01:31:17+00:00,98.90824095022440
enterprise-contract/ec-policies,enterprise-contract-ec-policies.tar.gz,opa,policy/release/collection/redhat_rpms/redhat_rpms.rego,14.0,2022-03-31 13:29:23-04:00,2025-01-22 16:25:48-05:00,2025-06-10 10:25:43+00:00,88.12540313628370
jameswoolfenden/terraform-aws-ecr,JamesWoolfenden-terraform-aws-ecr.tar.gz,checkov-py,checkov/ECRImmutableTags.py,1.0,2019-01-05 15:30:59+00:00,2020-03-31 11:33:07+01:00,2024-09-06 12:02:32+00:00,21.768452896929700
ministryofjustice/analytical-platform,ministryofjustice-analytical-platform.tar.gz,kyverno,terraform/aws/analytical-platform-data-production/airflow/files/kyverno_policies/kyv.privilege_escalation.yaml,16.0,2022-11-11 14:49:13+00:00,2023-11-20 15:57:10+00:00,2025-06-09 10:05:57+00:00,39.75827812826030
kyverno/policies,kyverno-policies.tar.gz,kyverno,kubevirt/enforce-instancetype/enforce-instancetype.yaml,389.0,2020-12-02 12:44:14-08:00,2022-09-13 08:15:40-04:00,2025-05-09 07:51:37+00:00,40.13972786531360
osinfra-io/datadog-organization-management,osinfra-io-datadog-organization-management.tar.gz,opa,opa/labels/labels.rego,1.0,2024-05-13 20:50:24-04:00,2024-09-17 19:30:35-04:00,2025-04-07 21:36:26+00:00,38.60078013759570
fybrik/airbyte-module,fybrik-airbyte-module.tar.gz,opa,fybrik/sample-policy.rego,3.0,2022-03-18 20:41:23+02:00,2022-04-06 18:09:58+03:00,2024-07-16 06:20:26+00:00,2.216755482363880
open-policy-agent/contrib,open-policy-agent-contrib.tar.gz,opa,cloud-foundry/polices/pshelpers/compare_numbers.rego,336.0,2017-04-25 14:22:53-07:00,2020-02-28 18:38:40-08:00,2024-11-29 19:36:40+00:00,37.450339385272400
aws-cloudformation/cloudformation-guard,aws-cloudformation-cloudformation-guard.tar.gz,cloudformation-guard,guard/resources/validate/comments.guard,1343.0,2020-11-17 15:58:45-08:00,2023-08-28 20:21:55-04:00,2025-05-07 13:32:20+00:00,62.1499048555368
ioggstream/python-course,ioggstream-python-course.tar.gz,opa,.dockerfile-security.rego,65.0,2014-02-15 01:11:27-08:00,2023-07-25 16:23:19+02:00,2025-05-31 08:40:35+00:00,83.60985922877110
jjgadgets/biohazard,JJGadgets-Biohazard.tar.gz,kyverno,.archive/kube/deploy/core/kyverno/policies/cnp-within-ns.yaml,61.0,2022-04-12 04:42:53+08:00,2025-02-16 17:33:43+08:00,2025-06-27 18:09:19+00:00,88.80051158703710
martin77s/azure,martin77s-Azure.tar.gz,azure,Policy/Audit SQLDB without ThreatProtection.json,18.0,2019-05-30 00:29:50+03:00,2019-09-14 21:49:39+03:00,2024-06-13 07:42:54+00:00,5.858979766986110
bradmccoydev/tfval,bradmccoydev-tfval.tar.gz,opa,policies/opa-tags-policy.rego,5.0,2021-10-22 11:33:27+11:00,2022-08-23 14:42:51+10:00,2023-03-31 06:24:44+00:00,58.101230166926200
erudinsky/azure-bicep-workshop,erudinsky-Azure-Bicep-Workshop.tar.gz,azure,Labs/2-policies/policies/allowed_location.json,17.0,2022-04-10 00:27:39+02:00,2022-09-29 20:33:51+02:00,2025-06-07 11:48:55+00:00,14.970046818124300
jdavid77/home-cluster,Jdavid77-home-cluster.tar.gz,kyverno,k8s/archive/utils/kyverno/policies/auth-annotations.yaml,7.0,2022-11-05 19:54:36+00:00,2024-09-19 11:41:18+01:00,2025-06-27 13:26:10+00:00,70.8608194475394
timebertt/kubernetes-controller-sharding,timebertt-kubernetes-controller-sharding.tar.gz,kyverno,webhosting-operator/config/policy/webhosting-operator-scheduling.yaml,241.0,2022-01-24 08:48:30+01:00,2023-11-03 09:51:06+01:00,2025-06-06 21:48:37+00:00,52.70431144875390
open-policy-agent/opa,open-policy-agent-opa.tar.gz,opa,build/policy/helpers.rego,10329.0,2015-12-28 14:08:25-08:00,2021-12-30 20:25:32+01:00,2025-06-10 14:33:25+00:00,63.55989913672710
cdklabs/cdk-validator-cfnguard,cdklabs-cdk-validator-cfnguard.tar.gz,cloudformation-guard,rules/control-tower/cfn-guard/s3/ct-s3-pr-1.guard,75.0,2023-03-01 07:13:13-05:00,2023-04-26 08:20:18+00:00,2025-06-09 18:05:38+00:00,6.717426293914840
wkspower/wks-platform,wkspower-wks-platform.tar.gz,opa,opa/wks_policy_rules.rego,40.0,2022-07-12 17:21:39+01:00,2023-08-31 10:23:26+01:00,2025-06-10 07:45:46+00:00,38.989591435443
alexrogalskiy/scala-patterns,AlexRogalskiy-scala-patterns.tar.gz,opa,policy/kubernetes.rego,2.0,2020-12-13 09:47:43+03:00,2021-08-12 00:48:26+03:00,2025-06-27 09:40:31+00:00,14.58105011617660
azure/onboardvminsights,Azure-OnBoardVMInsights.tar.gz,azure,Policy/vmss/LogAnalytics_WorkspaceMismatch_VMSS_Audit.json,10.0,2018-07-12 16:10:25-07:00,2018-10-08 13:04:46-07:00,2024-07-23 17:15:53+00:00,3.9891465190814800
department-of-veterans-affairs/bip-archetypetest,department-of-veterans-affairs-bip-archetypetest.tar.gz,opa,local-dev/openpolicyagent/policy/api_authz_jwt_token.rego,0.0,2019-11-21 20:01:40+00:00,2020-04-22 13:01:55-04:00,2023-10-05 20:58:30+00:00,10.811238095877300
torstava/k3s-flux-homelab,TorStava-k3s-flux-homelab.tar.gz,kyverno,kubernetes/apps/kube-tools/kyverno/policies/ingress-annotations.yaml,1.0,2023-04-29 21:20:20+02:00,2023-06-05 09:22:50+02:00,2025-06-26 17:07:46+00:00,4.6268688992633800
weaveworks/policy-library,weaveworks-policy-library.tar.gz,opa,policies/RBACProhibitWatchOnSecrets/policy.rego,4.0,2021-11-30 13:36:44+02:00,2023-08-01 09:36:29+01:00,2024-06-28 09:40:22+00:00,64.71063965745280
equinor/radix-platform,equinor-radix-platform.tar.gz,gatekeeper,azure-policy/constraintTemplates/MustRunAsNonRoot.yaml,29.0,2018-07-06 09:49:57+02:00,2021-04-08 10:39:19+02:00,2025-06-10 08:08:09+00:00,39.78780140937950
thibaultserti/kubernetes,thibaultserti-kubernetes.tar.gz,kyverno,kyverno/custom-policies/revisionHistoryLimit.yaml,1.0,2023-06-14 13:16:10+02:00,2024-02-11 08:36:00+01:00,2025-06-04 18:36:06+00:00,33.52908072611910
thecasualcoder/dobby,thecasualcoder-dobby.tar.gz,opa,dockerfile-security.rego,32.0,2019-02-07 20:07:57+05:30,2020-10-16 03:35:33+00:00,2024-07-20 18:45:01+00:00,30.97923857579190
usa-reddragon/home-cluster-flux,USA-RedDragon-home-cluster-flux.tar.gz,kyverno,infrastructure/kyverno/policies/add-imagepullsecrets.yaml,2.0,2023-08-07 11:49:10-05:00,2025-02-05 20:37:27-06:00,2025-06-24 19:20:35+00:00,79.81435297393450
canada-ca/cloud-guardrails-gcp,canada-ca-cloud-guardrails-gcp.tar.gz,opa,guardrails-validation/policies/09_Limit_egress_traffic/09_Limit_egress_traffic.rego,23.0,2020-12-17 14:21:41-05:00,2021-01-29 15:24:45-05:00,2023-05-19 21:33:04+00:00,4.874218475207630
globalbao/azure-policy-as-code,globalbao-azure-policy-as-code.tar.gz,azure,Bicep/modules/definitions/custom/inherit_all_rg_tags.json,180.0,2021-03-06 13:05:12+11:00,2021-10-04 00:36:10+11:00,2023-10-03 20:31:49+00:00,22.455607891069100
ministryofjustice/modernisation-platform,ministryofjustice-modernisation-platform.tar.gz,opa,policies/member/utilities.rego,700.0,2020-08-05 14:32:30+01:00,2021-07-29 17:09:56+01:00,2025-06-10 14:48:39+00:00,20.231561009087600
hmcts/azure-policy,hmcts-azure-policy.tar.gz,azure,policies/allowed_ip_sku/policy.json,4.0,2021-05-18 09:31:27+01:00,2025-03-26 09:58:19+00:00,2025-05-15 09:48:40+00:00,96.57123045179630
openinfradev/helm-charts,openinfradev-helm-charts.tar.gz,gatekeeper,policy-resources/templates/constraint_k8sAllowedusersPerNamespaces.yaml,10.0,2020-02-10 09:33:23+00:00,2023-10-16 04:35:09+00:00,2024-09-30 01:45:02+00:00,79.34185049453370
diamondlightsource/authz,DiamondLightSource-authz.tar.gz,opa,policy/diamond/policy/proposal/proposal.rego,1.0,2023-11-23 14:28:33+00:00,2024-09-16 11:51:50+01:00,2025-05-12 04:02:29+00:00,55.61404751591190
azure/bicep,Azure-bicep.tar.gz,azure,src/Bicep.Core.Samples/Files/user_submitted/101/mg-policy/main.json,3396.0,2020-05-12 19:18:32-07:00,2022-08-02 15:01:18-04:00,2025-06-27 16:28:17+00:00,43.36934481186260
aquasecurity/starboard,aquasecurity-starboard.tar.gz,opa,docs/tutorials/recommended_labels.rego,1366.0,2020-03-17 14:31:47+00:00,2022-03-28 20:10:37+02:00,2025-04-21 12:46:06+00:00,39.82703907232500
edgelesssys/uplosi,edgelesssys-uplosi.tar.gz,opa,config/validation.rego,10.0,2023-09-28 10:03:30+02:00,2023-10-06 18:04:22+02:00,2024-12-16 13:41:05+00:00,1.871808326112010
fabianlee/blogcode,fabianlee-blogcode.tar.gz,kyverno,k8s/kyverno/add-default-resources.yaml,65.0,2017-04-03 18:51:49-05:00,2024-11-24 17:24:07-05:00,2024-12-02 00:50:12+00:00,99.74628996444770
tmaxbi/hyperdata,tmaxbi-hyperdata.tar.gz,opa,install/onprem/metallb/metallb/policy/controller.rego,7.0,2021-04-13 13:30:31+09:00,2021-08-24 19:19:46+09:00,2023-05-09 02:18:30+00:00,17.626811464665600
kube-components-stack/kustomization,kube-components-stack-kustomization.tar.gz,kyverno,rendered-manifests/addons/namespaces/kyverno/base/additional-policies/always-pull-images.yaml,3.0,2022-06-04 10:30:30+02:00,2022-12-15 16:09:43+01:00,2022-12-23 15:18:07+00:00,96.0422622382906
kata-containers/kata-containers,kata-containers-kata-containers.tar.gz,opa,src/kata-opa/allow-all.rego,6257.0,2018-02-02 09:27:48+00:00,2023-08-14 17:07:35+00:00,2025-06-10 15:47:18+00:00,75.20004136086200
toboshii/home-ops,toboshii-home-ops.tar.gz,kyverno,cluster/apps/kyverno/policies/delete-cpu-limits.yaml,349.0,2021-05-11 23:09:34-05:00,2022-07-25 06:34:53-05:00,2025-02-25 01:21:34+00:00,31.72175136426790
gettek/terraform-azurerm-policy-as-code,gettek-terraform-azurerm-policy-as-code.tar.gz,azure,policies/Network/deny_nic_public_ip.json,155.0,2021-01-01 15:04:26+00:00,2021-11-21 22:46:29+00:00,2025-03-10 16:13:12+00:00,21.210643491910700
a1994sc/helm,a1994sc-helm.tar.gz,kyverno,charts/kyverno-policies/templates/policies.yml,0.0,2022-08-28 18:31:24-04:00,2024-01-27 21:31:42-05:00,2025-05-27 22:57:36+00:00,51.5610661765164
azure/microsoft-defender-for-cloud,Azure-Microsoft-Defender-for-Cloud.tar.gz,azure,Remediation scripts/Provision an Azure AD Administrator on SQL Server/Azure Policy - deny/azuredeploy.json,1813.0,2019-04-15 08:41:22-07:00,2019-10-18 20:48:19+03:00,2025-06-26 07:29:48+00:00,8.2206811975038
datreeio/crds-catalog,datreeio-CRDs-catalog.tar.gz,gatekeeper,index.yaml,643.0,2022-03-01 13:06:56+02:00,2022-06-16 08:37:19+03:00,2025-06-23 18:39:53+00:00,8.82176452886248
verticalrelevance/control-broker,VerticalRelevance-control-broker.tar.gz,opa,supplementary_files/pac_frameworks/OPA/CrossCloud/cross_cloud_demo.rego,3.0,2022-02-02 20:56:39+00:00,2022-05-25 18:22:29+00:00,2024-07-05 21:46:32+00:00,12.65707638588250
alexrogalskiy/spark-patterns,AlexRogalskiy-spark-patterns.tar.gz,opa,policy/kubernetes.rego,3.0,2020-12-23 18:06:26+03:00,2021-08-11 23:31:52+03:00,2025-06-23 00:59:10+00:00,14.078443704522000
kubescape/regolibrary,kubescape-regolibrary.tar.gz,opa,rules/ensure-https-loadbalancers-encrypted-with-tls-aws/filter.rego,125.0,2021-09-01 08:54:29+03:00,2023-01-26 10:06:11+02:00,2025-04-14 12:13:33+00:00,38.75771629325280
kasmtech/workspaces-core-images,kasmtech-workspaces-core-images.tar.gz,opa,ci-scripts/vulnerability-filter.rego,459.0,2021-06-16 09:26:09-04:00,2023-11-22 15:51:05+00:00,2025-04-23 13:26:41+00:00,63.19121635441410
candig/candig-opa,CanDIG-candig-opa.tar.gz,opa,permissions_engine/mask.rego,2.0,2021-06-02 13:26:44-04:00,2024-09-20 23:51:10-07:00,2025-06-11 13:53:03+00:00,82.08710505459420
azure/azure-network-security,Azure-Azure-Network-Security.tar.gz,azure,Azure Firewall/Policy - Azure Policy Definitions/Policy - Enforce Explicit Proxy Configuration for Firewall Policies/Azure Policy - Enforce Explicit Proxy Configuration for Firewall Policies.json,890.0,2019-10-17 23:46:29+00:00,2025-02-07 16:04:00+05:30,2025-06-25 17:37:42+00:00,93.34401915075790
azure/azure-powershell,Azure-azure-powershell.tar.gz,azure,src/Resources/Resources.Test/StacksSubTemplate.json,4473.0,2014-11-18 11:07:43-08:00,2023-06-22 09:45:39+08:00,2025-06-27 14:27:37+00:00,80.98693529762350
enterprisedb/edb-terraform,EnterpriseDB-edb-terraform.tar.gz,cloud-custodian,actions/force-cleanup/policy_template.yml,3.0,2022-08-03 14:09:26+02:00,2024-08-30 19:35:51+00:00,2025-04-14 18:17:57+00:00,76.9657913774541
cmacrae/helm-charts,cmacrae-helm-charts.tar.gz,opa,charts/kove-deprecations/policies/get_default.rego,0.0,2020-08-23 12:06:39+01:00,2021-02-22 18:06:20+00:00,2023-06-15 11:32:19+00:00,17.864353080285900
anokfireball/homelab-as-code,anokfireball-homelab-as-code.tar.gz,kyverno,flux/system/app-configs/cert-manager.yaml,4.0,2024-06-24 07:54:25+02:00,2025-03-10 10:37:58+01:00,2025-06-10 05:22:28+00:00,73.83807005052650
krnese/azuredeploy,krnese-AzureDeploy.tar.gz,azure,ARM/azPolicies/vmNamingConvention.json,131.0,2015-09-29 10:42:47+02:00,2019-02-12 14:52:11+01:00,2024-07-18 12:17:03+00:00,38.3252825664108
azure/draft,Azure-draft.tar.gz,gatekeeper,pkg/safeguards/lib/manifests/v2.0.0/container-allowed-images/constraint.yaml,606.0,2021-11-18 11:54:23-05:00,2024-12-16 18:36:05+00:00,2025-06-23 14:08:28+00:00,85.61837581213520
mpapenbr/iracelog-service-manager-go,mpapenbr-iracelog-service-manager-go.tar.gz,opa,pkg/grpc/permission/policy.rego,0.0,2023-02-18 23:52:43+01:00,2025-02-19 09:35:39+01:00,2025-06-07 17:07:03+00:00,87.09689139009360
azure/ausgovcaf-cloudsoe,Azure-ausgovcaf-cloudsoe.tar.gz,azure,policies/enable-vulnerability-assessment/policy.template.json,11.0,2021-05-27 02:15:01-07:00,2021-06-28 17:47:05+10:00,2022-10-25 02:44:26+00:00,6.192971492941990
azure/canadapubsecalz,Azure-CanadaPubSecALZ.tar.gz,azure,policy/custom/definitions/policyset/templates/Tags-Audit-Missing-Tag-Resource/azurepolicy.json,132.0,2021-09-03 05:41:12-07:00,2021-09-30 18:08:22-04:00,2025-01-20 20:44:55+00:00,2.2175236243425800
boxp/arch,boxp-arch.tar.gz,opa,policy/terraform/util.rego,0.0,2024-02-10 00:03:52+09:00,2024-03-10 20:05:10+09:00,2025-06-09 23:46:25+00:00,6.13415151909536
fingerprintjs/fingerprint-pro-cloudfront-integration,fingerprintjs-fingerprint-pro-cloudfront-integration.tar.gz,cloudformation-guard,cloudformation/rules.guard,10.0,2022-08-04 18:07:14+07:00,2024-02-26 17:49:35+02:00,2025-06-10 14:00:19+00:00,54.86360539031670
bridgecrewio/checkov,bridgecrewio-checkov.tar.gz,checkov-py,checkov/github/checks/require_linear_history.py,7613.0,2019-11-27 11:31:13+02:00,2022-08-24 09:04:51+03:00,2025-06-10 10:53:03+00:00,49.4969614902684
microsoft/docker-provider,microsoft-Docker-Provider.tar.gz,azure,scripts/onboarding/aks/onboarding-using-azure-policy/azure-policy.json,157.0,2015-08-12 18:29:39-07:00,2021-02-23 16:53:28-08:00,2025-06-26 06:50:09+00:00,56.08460597751020
sighupio/module-policy,sighupio-module-policy.tar.gz,kyverno,katalog/kyverno/policies/collection/disallow-host-namespaces.yaml,38.0,2019-09-10 17:19:35+02:00,2023-11-10 15:49:03+01:00,2025-04-02 14:46:24+00:00,74.93826021935520
carbonetes/brainiac,carbonetes-brainiac.tar.gz,opa,internal/checker/docker/rules/user_for_container_created.rego,70.0,2023-05-31 20:07:35+08:00,2023-12-04 09:51:15+08:00,2024-09-12 03:05:12+00:00,39.72800602097960
jr0dd/home-ops,jr0dd-home-ops.tar.gz,kyverno,cluster/apps/kyverno/policies/delete-cpu-limits.yaml,44.0,2021-08-01 20:29:43-04:00,2022-07-24 04:30:18+00:00,2025-06-09 04:15:08+00:00,25.311119395665300
azure/azure-monitor-baseline-alerts,Azure-azure-monitor-baseline-alerts.tar.gz,azure,services/RecoveryServices/vaults/templates/policy/BackupHealthMonitoring_aa56c6a8-87b3-4291-bdff-7996948c3155.json,243.0,2023-08-04 10:58:35-05:00,2024-08-02 10:37:05+02:00,2025-06-25 15:34:25+00:00,52.63418756317950
deckhouse/deckhouse,deckhouse-deckhouse.tar.gz,gatekeeper,ee/modules/015-admission-policy-engine/templates/trivy-provider/constraint.yaml,1165.0,2017-09-29 12:23:33+03:00,2023-09-20 00:24:50+02:00,2025-06-10 15:34:53+00:00,77.60022945113040
elastisys/compliantkubernetes-kubespray,elastisys-compliantkubernetes-kubespray.tar.gz,gatekeeper,rook/helmfile.d/charts/podsecuritypolicies/templates/custom/read-only-root.yaml,31.0,2020-12-01 16:30:18+01:00,2023-08-23 15:50:33+02:00,2025-05-27 08:42:33+00:00,60.75108374643770
litmuschaos/chaos-charts,litmuschaos-chaos-charts.tar.gz,kyverno,security/kyverno-policies/allow-capabilities-for-litmus-experiments-which-uses-runtime-api.yaml,83.0,2019-08-09 19:49:49+05:30,2021-10-13 16:00:11+05:30,2025-04-24 07:25:06+00:00,38.17508277036470
azure/azure-blueprints,Azure-azure-blueprints.tar.gz,azure,samples/old/Ignite2018/DeepDive02/SUB-TEMP-custom-policy-def.json,260.0,2018-10-29 12:02:26-07:00,2019-04-09 10:09:36-07:00,2022-07-28 17:14:24+00:00,11.837026610272600
gnunn-gitops/cluster-config,gnunn-gitops-cluster-config.tar.gz,kyverno,components/kyverno/overlays/policies/check-openshift-deprecated-apis.yaml,93.0,2020-08-20 17:59:28-07:00,2023-08-29 09:59:09-07:00,2025-06-02 20:50:54+00:00,63.1811967630258
packtpublishing/kubernetes-and-docker-the-complete-guide,PacktPublishing-Kubernetes-and-Docker-The-Complete-Guide.tar.gz,opa,chapter11/parameter-opa-policy/rego/limitregistries.rego,100.0,2020-04-21 18:39:46+05:30,2020-07-06 07:14:16-04:00,2023-01-30 09:25:11+00:00,7.488310698675310
googlecloudplatform/pubsec-declarative-toolkit,GoogleCloudPlatform-pubsec-declarative-toolkit.tar.gz,gatekeeper,solutions/guardrails-policies/12-cloud-market-place/constraint.yaml,34.0,2021-09-17 15:46:11+00:00,2022-04-14 13:31:52+00:00,2025-06-16 12:27:57+00:00,15.27249626948160
ishioni/homelab-ops,ishioni-homelab-ops.tar.gz,kyverno,kubernetes/apps/kyverno/kyverno/policies/ingress-cert-manager-annotation.yaml,132.0,2021-11-24 02:04:32+01:00,2023-06-25 17:59:04+00:00,2025-06-09 11:04:10+00:00,44.74232208988440
portefaix/portefaix-kubernetes,portefaix-portefaix-kubernetes.tar.gz,kyverno,gitops/fluxcd/kubernetes/base/kyverno/portefaix/portefaix-policy-p0001.yaml,10.0,2020-10-29 19:52:02+01:00,2022-01-14 12:32:36+01:00,2025-05-29 01:41:20+00:00,26.41266528889380
mchmarny/s3cme,mchmarny-s3cme.tar.gz,kyverno,kyverno-policies/verify-slsa-provenance-keyless.yaml,104.0,2023-01-12 12:07:37-08:00,2023-09-09 15:23:21-07:00,2024-01-28 18:48:38+00:00,63.02593929007170
askmeegs/build-a-platform-with-krm,askmeegs-build-a-platform-with-krm.tar.gz,gatekeeper,5-hosted-resources/bigquery/constraint.yaml,65.0,2021-02-02 11:20:01-05:00,2021-05-09 20:46:02-04:00,2021-12-18 13:33:18+00:00,30.21516683769730
saltbo/zpan,saltbo-zpan.tar.gz,opa,internal/app/usecase/authz/authz.rego,1901.0,2019-09-28 12:39:58+08:00,2023-09-16 22:33:28+08:00,2025-04-20 13:14:17+00:00,71.3519108413534
open-telemetry/weaver,open-telemetry-weaver.tar.gz,opa,crates/weaver_checker/data/policies/invalid_policies.rego,143.0,2024-02-07 13:14:56-05:00,2024-04-11 22:55:12-07:00,2025-06-10 16:04:51+00:00,13.189818283053600
testifysec/archivista-data-provider,testifysec-archivista-data-provider.tar.gz,gatekeeper,validation/archivista-data-provider-constraint-template.yaml,5.0,2023-07-01 08:59:31-05:00,2023-09-28 20:15:03-05:00,2025-02-27 02:42:58+00:00,14.750976004655500
xgridinc/xc3,XgridInc-xc3.tar.gz,cloud-custodian,cloud_custodian_policies/iam-role.yml,52.0,2023-01-04 12:58:27+05:00,2023-03-14 14:20:20+05:00,2024-07-06 00:29:49+00:00,12.585805941871200
boostsecurityio/poutine,boostsecurityio-poutine.tar.gz,opa,.poutine/config.rego,297.0,2024-04-09 17:59:41+00:00,2024-05-08 12:11:52-04:00,2025-06-02 13:50:00+00:00,6.906229620401950
azure/azure-landing-zones-library,Azure-Azure-Landing-Zones-Library.tar.gz,azure,platform/alz/policy_definitions/Deny-Private-DNS-Zones.alz_policy_definition.json,69.0,2024-02-27 11:40:49+00:00,2024-07-03 13:50:39+01:00,2025-06-20 07:50:12+00:00,26.532565218455900
norskhelsenett/ror,NorskHelsenett-ror.tar.gz,kyverno,hacks/scripts/ror-cluster-initializer/policies/non-root.yaml,54.0,2023-10-16 23:31:52+02:00,2024-10-15 09:47:23+02:00,2025-06-27 08:14:13+00:00,58.83118095671680
intelops/genval,intelops-genval.tar.gz,opa,templates/defaultpolicies/rego/dockerfile_policies/deny_add/deny_add.rego,6.0,2023-09-12 06:50:07-05:00,2024-05-20 13:09:25+05:30,2024-11-14 17:59:57+00:00,58.432594662556100
hmcts/cpp-module-terraform-azurerm-aks-config,hmcts-cpp-module-terraform-azurerm-aks-config.tar.gz,gatekeeper,manifests/gatekeeper/constraint.yaml,2.0,2021-07-14 12:16:25+01:00,2022-10-31 10:56:11+00:00,2025-05-06 01:07:28+00:00,34.061062295733400
ministryofjustice/cloud-platform-environments,ministryofjustice-cloud-platform-environments.tar.gz,opa,policy/utils.rego,72.0,2018-05-29 10:51:14+01:00,2020-09-25 16:22:05+01:00,2025-06-10 16:17:39+00:00,33.092290987420600
lowrisc/sonata-software,lowRISC-sonata-software.tar.gz,opa,exercises/firmware_auditing/part_3/malloc_check.rego,10.0,2024-05-20 13:22:59+01:00,2024-09-25 12:20:35+01:00,2025-05-22 12:43:53+00:00,34.86419796068460
onosproject/onos-helm-charts,onosproject-onos-helm-charts.tar.gz,opa,onos-umbrella/files/opa-rbac/devicesim-1.0.0.rego,31.0,2019-12-12 09:33:35-08:00,2022-01-12 13:04:00-08:00,2024-09-16 16:25:23+00:00,43.80269357054920
cloudposse/terraform-spacelift-cloud-infrastructure-automation,cloudposse-terraform-spacelift-cloud-infrastructure-automation.tar.gz,opa,catalog/policies/trigger.dependencies.rego,39.0,2020-11-05 09:03:23-08:00,2021-06-17 14:08:26-04:00,2025-05-29 20:00:27+00:00,13.447097158584200
bigkaa/youtube,BigKAA-youtube.tar.gz,kyverno,kyverno/polices/02-hostpath.yaml,330.0,2020-09-29 15:31:43+03:00,2025-01-30 15:51:53+03:00,2025-06-26 13:33:29+00:00,91.5063405164942
nirmata/kyverno-policies,nirmata-kyverno-policies.tar.gz,kyverno,workload-security/restrict-secret-role-verbs/e2e/chainsaw-step-01-assert-1.yaml,17.0,2021-11-29 10:15:21-08:00,2025-01-08 16:38:38+05:30,2025-05-27 19:23:17+00:00,89.07150185692110
lenaxia/home-ops-prod,lenaxia-home-ops-prod.tar.gz,kyverno,cluster/apps/kyverno/policies/apply-ingress-external-dns-annotations.yaml,15.0,2022-10-09 09:04:44+00:00,2023-01-07 19:55:50+00:00,2025-04-30 13:13:50+00:00,9.682591353269910
elastic/cloudbeat,elastic-cloudbeat.tar.gz,opa,security-policies/bundle/compliance/policy/azure/common.rego,52.0,2022-02-14 18:46:52+02:00,2023-10-30 13:49:27+00:00,2025-06-10 12:17:16+00:00,51.40041476734660
intel/policy-library-intel-aws,intel-policy-library-intel-aws.tar.gz,hashicorp-sentinel,policies/intel-aws-instance-deny-unapproved-instance-types/intel-aws-instance-deny-unapproved-instance-types.sentinel,16.0,2022-11-25 10:09:17-07:00,2023-01-26 10:02:23-05:00,2025-01-16 18:14:57+00:00,7.906547824747680
kyverno/kyverno-json,kyverno-kyverno-json.tar.gz,kyverno,catalog/ecs/ecs-service-public-ip.yaml,84.0,2023-09-27 22:42:23+02:00,2023-11-01 21:53:33+01:00,2024-10-09 11:39:19+00:00,9.270559962455190
veraison/services,veraison-services.tar.gz,opa,policy/opa.rego,27.0,2022-07-21 14:50:54+01:00,2022-08-24 09:43:23+01:00,2025-05-02 21:41:40+00:00,3.324367981531530
mrwulf/home-cluster,mrwulf-home-cluster.tar.gz,kyverno,cluster/apps/system/kyverno/policies/remove-cpu-limit.yaml,11.0,2021-11-09 00:05:52-08:00,2025-01-29 20:54:50-08:00,2025-06-10 05:13:02+00:00,89.9904772625521
jamasten/azure,jamasten-Azure.tar.gz,azure,utilities/policies/networking/restrictSubnet/policy.json,14.0,2020-04-03 17:09:15-04:00,2020-10-01 00:03:48-04:00,2024-12-12 18:53:08+00:00,10.519126324230000
openshift/sandboxed-containers-operator,openshift-sandboxed-containers-operator.tar.gz,opa,config/peerpods/podvm/agent-policy/coco-policy.rego,40.0,2020-05-26 16:02:15+05:30,2025-01-30 15:45:16+05:30,2025-06-10 12:52:03+00:00,92.87876350999150
nathanmcnulty/nathanmcnulty,nathanmcnulty-nathanmcnulty.tar.gz,azure,Azure/Policy/EnableDefenderForServersPlan1.json,272.0,2020-07-13 15:03:36-07:00,2023-10-16 22:56:36-08:00,2025-06-03 01:06:31+00:00,66.68265741930450
newbmiao/opa-koans,NewbMiao-opa-koans.tar.gz,opa,demos/entitlements/utils.rego,52.0,2020-03-11 18:45:14+08:00,2024-02-05 14:55:52+08:00,2025-06-25 10:58:02+00:00,73.80093982966110
c0c0n3/kitt4sme.live,c0c0n3-kitt4sme.live.tar.gz,opa,dev/opa.poc/policy.rego,1.0,2021-11-09 14:19:33+01:00,2022-03-06 11:56:10+01:00,2024-05-21 11:44:51+00:00,12.652462012099600
open-telemetry/semantic-conventions,open-telemetry-semantic-conventions.tar.gz,opa,policies/entity_association.rego,379.0,2019-05-01 16:05:13-04:00,2025-04-28 16:28:37+00:00,2025-06-10 03:25:46+00:00,98.09724191321630
monkslc/hyperpolyglot,monkslc-hyperpolyglot.tar.gz,opa,samples/Open Policy Agent/ssh.rego,65.0,2020-03-18 21:54:41-04:00,2020-04-03 20:35:55-04:00,2023-05-17 13:51:31+00:00,1.3811460630880000
pipelineai/pipeline,PipelineAI-pipeline.tar.gz,gatekeeper,eks/demo/.cache/manifests/manifests-7a373809a663ded140f9b70a3e879a39f6e88479/gatekeeper/ns-required-annotations.yaml,4171.0,2018-11-28 23:38:02+00:00,2019-10-14 17:13:31-07:00,2024-04-17 22:09:12+00:00,16.270192082108200
azure/enterprise-azure-policy-as-code,Azure-enterprise-azure-policy-as-code.tar.gz,azure,StarterKit/Definitions-Common/policyDefinitions/Tagging/rg-addreplace-tag-dynamic-notscope.json,472.0,2021-02-08 17:58:38+00:00,2024-04-05 08:49:05-05:00,2025-06-27 00:57:22+00:00,72.02109276967990
nirmata/kyverno-charts,nirmata-kyverno-charts.tar.gz,kyverno,charts/pod-security-policies/templates/disallow-host-ports.yaml,5.0,2021-11-06 15:32:11-07:00,2022-12-19 23:27:46+05:30,2025-06-03 11:52:36+00:00,31.26040440984840
statcan/gatekeeper-policies,StatCan-gatekeeper-policies.tar.gz,opa,pod-security-policy/block-automount-token/template.yaml,16.0,2019-05-31 11:41:51-04:00,2021-08-17 15:10:14-04:00,2024-02-01 01:34:16+00:00,47.41791518906990
snoopy82481/home_cluster,snoopy82481-home_cluster.tar.gz,kyverno,archive/kubernetes/apps/monitoring/kyverno/policies/apply-ingress-external-dns-annotations.yaml,26.0,2022-09-19 16:36:26-06:00,2023-06-11 20:48:50-06:00,2025-06-09 14:21:18+00:00,26.686824793564200
controlplaneio/simulator,controlplaneio-simulator.tar.gz,kyverno,ansible/roles/seven-seas/files/manifests/02-kyverno-policies.yaml,949.0,2019-06-03 19:53:44+01:00,2023-12-21 16:27:22+00:00,2024-06-03 10:54:35+00:00,90.97980763400880
aws/aws-eks-best-practices,aws-aws-eks-best-practices.tar.gz,opa,policies/opa/gatekeeper/constraints/1-dep-labels-constraint.yaml,2112.0,2020-02-19 19:39:34+00:00,2020-09-15 15:05:01-04:00,2025-05-30 19:41:13+00:00,10.844622868870800
chaijunkin/home-ops,chaijunkin-home-ops.tar.gz,kyverno,.archive/DRAFT/kyverno/policies/remove-cpu-limits.yaml,3.0,2024-03-02 21:10:24+08:00,2024-05-26 10:39:14+08:00,2025-06-10 01:55:58+00:00,18.203644680546700
teutonet/teutonet-helm-charts,teutonet-teutonet-helm-charts.tar.gz,kyverno,charts/base-cluster/templates/kyverno/policies/teuto-policies/restrict-automount-sa-token/_policy.yaml,37.0,2022-09-30 12:27:36+02:00,2022-10-17 16:00:34+02:00,2025-06-10 01:37:26+00:00,1.743324383994080
maif/wasmo,MAIF-wasmo.tar.gz,opa,server/templates/otoroshi/opa/policies.rego,21.0,2023-11-06 10:37:46+01:00,2024-02-09 15:25:39+01:00,2025-01-17 15:00:26+00:00,21.72402764102590
dotfilesh/ops,dotfilesh-ops.tar.gz,kyverno,k8s/clusters/kclt-01/apps/kyverno/kyverno/policies/sync-rgwuser-secrets.yaml,0.0,2020-12-01 00:00:00+00:00,2023-08-21 19:54:17+00:00,2024-12-20 23:08:30+00:00,67.10691178037080
elastic/csp-security-policies,elastic-csp-security-policies.tar.gz,opa,bundle/compliance/policy/azure/common.rego,31.0,2021-11-03 14:16:01+02:00,2023-09-06 10:48:49+03:00,2023-10-31 10:08:15+00:00,92.420419005873
googlecloudplatform/professional-services,GoogleCloudPlatform-professional-services.tar.gz,gatekeeper,tools/anthosvmware-ansible-module/policy-controller-config/cis-benchmark-bundle/5.2.2-5.2.3_psp-host-namespace.yaml,2908.0,2017-05-19 00:01:28+00:00,2022-10-26 15:18:03+00:00,2025-06-27 15:39:22+00:00,67.07867678955410
apheon-terra/01_k3s_ops,apheon-terra-01_k3s_ops.tar.gz,kyverno,kubernetes/apps/kyverno/kyverno/policies/apply-ingress-whitelist-annotations.yaml,4.0,2023-04-04 11:26:38-04:00,2023-06-20 08:38:40+00:00,2025-06-09 10:02:04+00:00,9.628405472608120
nirmata/kyverno-aws-adapter,nirmata-kyverno-aws-adapter.tar.gz,kyverno,config/samples/policies/check-cluster-tags.yaml,11.0,2022-09-22 04:22:46+05:30,2022-12-01 11:45:53+05:30,2023-07-19 05:18:36+00:00,23.414993938669700
rootsongjc/cloud-native-library,rootsongjc-cloud-native-library.tar.gz,opa,content/tsb/assets/howto/openapi-policy.rego,281.0,2019-10-12 18:20:27+08:00,2023-08-28 18:30:35+08:00,2024-04-25 02:04:16+00:00,85.47384162684590
lsst-it/k8s-cookbook,lsst-it-k8s-cookbook.tar.gz,kyverno,fleet/lib/kyverno-conf/policies/limit_hostpath_type_pv.yaml,13.0,2020-03-04 16:45:16-07:00,2024-03-01 09:59:00-07:00,2025-06-10 13:40:44+00:00,75.78149752203000
hongbo-miao/hongbomiao.com,hongbo-miao-hongbomiao.com.tar.gz,opa,api-go/internal/graphql_server/policies/app.rbac.rego,239.0,2019-02-26 17:49:40-08:00,2021-08-23 08:20:40-07:00,2025-06-10 04:29:55+00:00,39.58689064414620
uninettsigma2/helm-charts,UNINETTSigma2-helm-charts.tar.gz,opa,policy/deny.rego,14.0,2017-06-08 12:53:55+02:00,2019-11-03 14:10:53+01:00,2025-06-16 12:15:38+00:00,29.9685361532488
devopsmcpatral/devops,Devopsmcpatral-Devops.tar.gz,opa,hashicorp/terraform-cloud/policy-as-code/opa/policies/friday_deploys.rego,0.0,2023-10-25 20:32:40+01:00,2024-02-20 14:36:08+00:00,2024-07-03 22:20:04+00:00,46.72212682604710
harness/developer-hub,harness-developer-hub.tar.gz,kyverno,docs/chaos-engineering/security/security-templates/manifest/kyverno-policies/allow-host-paths-for-litmus-experiments-which-uses-hostPaths.yaml,58.0,2022-08-25 10:21:13-04:00,2024-09-12 10:14:58+05:30,2025-06-10 16:09:12+00:00,73.38674459061590
cross-lab-project/crosslab,Cross-Lab-Project-crosslab.tar.gz,opa,services/authorization/policy/crosslab.rego,4.0,2022-05-09 10:38:51+02:00,2023-07-31 11:48:46+00:00,2025-06-27 09:51:09+00:00,39.13643989693240
alexrogalskiy/android-patterns,AlexRogalskiy-android-patterns.tar.gz,opa,policy/kubernetes.rego,4.0,2021-01-15 19:23:44+03:00,2021-08-12 00:13:15+03:00,2025-06-27 02:43:42+00:00,12.824758995507900
stackabletech/hdfs-utils,stackabletech-hdfs-utils.tar.gz,opa,rego/hdfs.rego,0.0,2024-01-23 17:16:52+01:00,2024-02-06 10:20:33+01:00,2025-03-11 16:59:37+00:00,3.319589757988940
sapcc/helm-charts,sapcc-helm-charts.tar.gz,opa,system/gatekeeper-config/templates/constraint-images-from-non-keppel.yaml,38.0,2016-11-01 18:56:43+01:00,2022-06-02 16:17:21+02:00,2025-06-10 15:43:49+00:00,64.87138189362320
hc-ippm/devsecops-platform,HC-IPPM-devsecops-platform.tar.gz,kyverno,policies/restrict-git-repo.yaml,0.0,2024-05-01 19:11:47-03:00,2024-06-13 22:52:00-03:00,2025-06-27 13:06:17+00:00,10.235000097452300
azure/ai-hub,Azure-ai-hub.tar.gz,azure,enablement/policies/datafactory/Compliant-DataFactoryPolicySetDefinition.json,84.0,2024-02-14 10:36:50+01:00,2024-03-08 11:25:31+01:00,2025-01-23 15:59:03+00:00,6.690711869640040
sunbird-lern/userorg-service,Sunbird-Lern-userorg-service.tar.gz,opa,helm/learner_opa_policies/service-policies/policies.rego,31.0,2017-07-03 20:21:28+05:30,2023-04-17 17:30:15+05:30,2025-06-27 15:29:08+00:00,72.49184285152140
obmondo/kubeaid,Obmondo-kubeaid.tar.gz,opa,argocd-helm-charts/gatekeeper/policies/CronJobForbidConcurrency.rego,38.0,2021-02-19 16:22:13+01:00,2023-11-15 10:26:28+05:30,2025-06-26 22:26:03+00:00,62.870302647486900
azure/aro-rp,Azure-ARO-RP.tar.gz,opa,pkg/operator/controllers/guardrails/policies/gkconstraints/aro-master-toleration-pod-deny.yaml,107.0,2019-10-15 22:43:52-05:00,2023-07-18 14:04:40+10:00,2025-06-27 16:50:39+00:00,65.8651884669054
styrainc/regal,StyraInc-regal.tar.gz,opa,bundle/regal/lsp/completion/main.rego,312.0,2023-02-01 00:06:12+01:00,2024-06-17 12:03:26+02:00,2025-06-27 16:58:31+00:00,57.24402920843310
alexrogalskiy/quotes,AlexRogalskiy-quotes.tar.gz,opa,policy/deny.rego,1.0,2021-02-01 02:14:35+03:00,2021-08-05 16:55:53+03:00,2025-06-25 00:58:46+00:00,11.564090175899300
erkules/dufluxdu,erkules-dufluxdu.tar.gz,kyverno,base/security/kubescape-findings/clean_unkonwn_users.yaml,0.0,2022-06-06 23:58:01+02:00,2025-04-08 22:31:54+02:00,2025-06-09 22:59:14+00:00,94.34941650019790
apersant1/spottier,Apersant1-Spottier.tar.gz,cloud-custodian,services/policy-service/policies.yaml,1.0,2023-09-17 21:56:03+03:00,2023-10-27 19:10:04+03:00,2025-06-14 14:04:19+00:00,6.273182830193410
netscaler/netscaler-k8s-ingress-controller,netscaler-netscaler-k8s-ingress-controller.tar.gz,gatekeeper,docs/how-to/webhook/requiredannotations/constraint.yaml,314.0,2018-09-24 12:44:20+05:30,2020-06-09 21:32:05+05:30,2025-05-07 15:10:30+00:00,25.828758161610500
raffaelespazzoli/openshift-enablement-exam,raffaelespazzoli-openshift-enablement-exam.tar.gz,kyverno,misc4.0/kyverno/cmdb-pod-policy.yaml,65.0,2016-10-10 13:58:47+00:00,2023-08-10 14:38:52-04:00,2024-09-12 10:18:22+00:00,86.22413556061390
googlecloudplatform/policy-library,GoogleCloudPlatform-policy-library.tar.gz,opa,samples/bigquery_cmek.yaml,229.0,2019-03-29 17:45:00-04:00,2019-08-08 16:42:11-05:00,2024-06-18 01:03:43+00:00,6.921263387426390
lfn-cnti/testsuite,lfn-cnti-testsuite.tar.gz,gatekeeper,embedded_files/enforce-image-tag.yml,181.0,2020-01-13 16:07:48-06:00,2021-09-21 14:42:40-04:00,2025-06-10 09:15:47+00:00,31.241774204306800
stacklet/shift-left-foundations-pack,stacklet-shift-left-foundations-pack.tar.gz,cloud-custodian,policies/sagemaker.yaml,0.0,2023-02-20 08:10:37-05:00,2023-07-14 17:40:43-04:00,2023-07-14 22:41:58+00:00,99.9705431624428
cloud-gov/compliance,cloud-gov-compliance.tar.gz,cloud-custodian,audit/custodian/ebs-encrypted.yml,36.0,2015-10-30 10:34:02-04:00,2022-05-27 17:05:09-04:00,2025-05-28 15:08:15+00:00,68.64652079194990
pulumi/customer-managed-deployment-agent,pulumi-customer-managed-deployment-agent.tar.gz,kyverno,kubernetes/troubleshooting/kyverno.yaml,1.0,2023-12-20 13:29:12-07:00,2025-03-11 10:32:09-05:00,2025-05-13 23:50:37+00:00,87.58259042290170
fybrik/fybrik,fybrik-fybrik.tar.gz,opa,samples/adminconfig/optimization_strategy.rego,132.0,2020-09-08 16:19:10-04:00,2022-03-10 10:18:03+02:00,2023-07-15 19:02:35+00:00,52.64684842713370
googlecloudplatform/anthos-appconfig,GoogleCloudPlatform-anthos-appconfig.tar.gz,gatekeeper,anthos-config-management/gatekeeper-config/constraint-templates.yaml,17.0,2019-06-19 15:35:44-07:00,2019-08-08 08:49:18-07:00,2025-04-16 19:26:41+00:00,2.33650479809509
cybersecurity-certification-hub/security-metrics,Cybersecurity-Certification-Hub-security-metrics.tar.gz,opa,metrics/DevelopmentLifeCycle/SignedCommits/metric.rego,3.0,2024-03-27 15:33:59+01:00,2025-01-22 11:08:28+01:00,2025-06-27 11:47:11+00:00,65.84067371399960
cisagov/scubagoggles,cisagov-ScubaGoggles.tar.gz,opa,scubagoggles/rego/Chat.rego,241.0,2023-07-24 10:07:23-04:00,2024-12-19 16:23:24-08:00,2025-06-27 00:17:49+00:00,73.13197355803940
googlecloudplatform/terraform-google-enterprise-genai,GoogleCloudPlatform-terraform-google-enterprise-genai.tar.gz,gatekeeper,policy-library/policies/constraints/require_dnssec.yaml,29.0,2023-11-29 09:32:30-05:00,2024-01-10 20:45:13-08:00,2025-06-17 04:05:59+00:00,7.530906342026220
geeks-academy/terraform,Geeks-Academy-terraform.tar.gz,hashicorp-sentinel,sentinel/passthrough.sentinel,2.0,2020-02-24 07:54:29+01:00,2021-02-18 14:56:28+01:00,2021-12-03 22:04:06+00:00,55.54663086432820
jouve/charts,jouve-charts.tar.gz,gatekeeper,charts/gatekeeper-library/templates/k8sblockloadbalancer.yaml,17.0,2023-06-12 21:31:08+02:00,2023-09-11 23:41:28+02:00,2025-05-20 19:34:40+00:00,12.865846549365200
azure/alz-bicep,Azure-ALZ-Bicep.tar.gz,azure,infra-as-code/bicep/modules/policy/definitions/lib/policy_definitions/policy_definition_es_Deny-AzFw-Without-Policy.json,813.0,2021-08-16 10:34:17+00:00,2024-06-20 16:39:32+01:00,2025-06-26 17:00:01+00:00,73.68897788855850
mathieu-benoit/ci-with-helm,mathieu-benoit-ci-with-helm.tar.gz,gatekeeper,policies/users/samples/constraint.yaml,7.0,2022-09-12 22:19:43-04:00,2022-10-11 23:03:44-04:00,2023-10-04 12:56:22+00:00,7.51226788521435
hummerrisk/hummerrisk,HummerRisk-HummerRisk.tar.gz,azure,hummer-modules/hummer-cloud/src/main/resources/support/strategy/hummer-azure-plugin.json,1493.0,2022-06-08 15:50:28+08:00,2023-02-03 23:47:02+08:00,2024-12-26 06:59:59+00:00,25.787552536568000
devspace-cloud/devspace-cloud,devspace-cloud-devspace-cloud.tar.gz,opa,rego/ingress_hosts.rego,110.0,2019-07-17 13:31:39+02:00,2019-10-09 14:47:37+02:00,2020-08-03 21:46:26+00:00,21.92145293508800
ciscodevnet/sdwan-devops,CiscoDevNet-sdwan-devops.tar.gz,opa,config/policy/config.rego,91.0,2019-07-15 19:59:54+01:00,2023-10-26 16:50:50+02:00,2024-12-02 11:31:31+00:00,79.51574128200790
qbeyond/terraform-azurerm-archetype-lib,qbeyond-terraform-azurerm-archetype-lib.tar.gz,azure,policy_definitions/tagging/policy_definition_qby_require_tag_on_resource_group.json,0.0,2023-05-25 14:27:13+02:00,2024-03-05 16:27:06+01:00,2025-02-26 15:01:45+00:00,44.33551172770980
daocloud/dce-charts-repackage,DaoCloud-dce-charts-repackage.tar.gz,opa,charts/metallb/metallb/charts/metallb/policy/speaker.rego,12.0,2022-08-16 11:52:37+08:00,2022-09-01 21:41:33+08:00,2025-06-27 09:24:40+00:00,1.5683905282414700
nordix/metal3-clusterapi-docs,Nordix-metal3-clusterapi-docs.tar.gz,kyverno,security/container-signing-poc/kyverno/policy/kyverno-policy-notation.yaml,9.0,2019-09-04 10:40:59+03:00,2024-11-04 20:58:51+02:00,2025-06-16 06:05:13+00:00,89.41904396518690
neilmfrench/homelab-prod,neilmfrench-homelab-prod.tar.gz,kyverno,kubernetes/infrastructure/production/kyverno/kyverno/policies/remove-cpu-limits.yaml,3.0,2022-04-15 13:38:34-07:00,2023-07-13 09:30:20-07:00,2025-05-31 18:19:35+00:00,39.74308005716700
aquasecurity/postee,aquasecurity-postee.tar.gz,opa,rego-templates/raw-message-json.rego,211.0,2016-12-04 15:29:28+02:00,2021-08-06 19:30:26+03:00,2024-09-28 05:52:51+00:00,59.765855894280400
digicatapult/veritable-cloudagent,digicatapult-veritable-cloudagent.tar.gz,opa,docker/opa/suppliers.rego,1.0,2023-07-13 09:54:52+01:00,2024-08-12 16:51:17+01:00,2025-06-09 08:27:25+00:00,56.85796510621800
rallyhealth/conftest-policy-packs,rallyhealth-conftest-policy-packs.tar.gz,opa,policies/lib/packages_functions.rego,58.0,2021-05-28 12:33:02-04:00,2021-07-26 17:27:59-04:00,2021-11-03 16:36:40+00:00,37.235148987997900
stylescube/sam-s-custodian,stylescube-Sam-s-Custodian.tar.gz,cloud-custodian,Firewall/policy.yml,0.0,2019-02-12 14:56:25-08:00,2019-07-09 15:08:13-05:00,2019-07-09 20:10:00+00:00,99.99915687053980
dettanym/prose,dettanym-prose.tar.gz,opa,privacy-profile-composer/resources/opa_bundle/prose/allow_all/policy.rego,1.0,2023-04-14 18:17:21-04:00,2024-03-19 20:19:09-04:00,2025-06-02 01:43:20+00:00,43.648542582819500
gsa/grace-cloudcustodian,GSA-grace-cloudcustodian.tar.gz,cloud-custodian,custodian_policy_templates/user_key_disable.yml,8.0,2019-09-18 09:55:28-05:00,2019-10-07 23:45:52-07:00,2020-04-10 13:17:21+00:00,9.593432505485530
c0c0n3/teadal.proto,c0c0n3-teadal.proto.tar.gz,opa,deployment/mesh-infra/security/opa/rego/minio/service.rego,6.0,2023-01-20 19:38:43+01:00,2023-10-10 10:30:46+02:00,2025-04-27 09:30:36+00:00,31.726881233549300
mitodl/ol-infrastructure,mitodl-ol-infrastructure.tar.gz,cloud-custodian,cloud_custodian/cleanup_ebs_resources.yaml,48.0,2021-02-09 16:44:36-05:00,2022-12-19 18:29:44+00:00,2025-06-10 14:39:57+00:00,42.856577635125200
parsifal-m/backstage-opa-plugins,Parsifal-M-backstage-opa-plugins.tar.gz,opa,policies/catalog.rego,55.0,2023-02-25 16:51:41+01:00,2024-12-01 19:31:30+01:00,2025-06-24 12:57:22+00:00,75.90622008654530
magda-io/magda,magda-io-magda.tar.gz,opa,magda-opa/policies/system/echo.rego,543.0,2016-08-23 17:30:10+10:00,2022-03-08 14:20:06+11:00,2025-05-26 09:00:26+00:00,63.25161642275500
deploykf/deploykf,deployKF-deployKF.tar.gz,kyverno,generator/templates/manifests/kubeflow-tools/pipelines/resources/clone-bucket-secret-clusterpolicy.yaml,438.0,2023-03-14 14:20:55-07:00,2023-07-10 09:40:28+10:00,2024-08-03 00:31:48+00:00,23.09000041605570
auricom/home-ops,auricom-home-ops.tar.gz,kyverno,kubernetes/apps/kyverno/kyverno/policies/volsync-movers.yaml,192.0,2020-11-19 09:20:41+01:00,2024-10-26 13:23:08+02:00,2025-06-10 10:39:36+00:00,86.36078060239220
prancer-io/prancer-hello-world,prancer-io-prancer-hello-world.tar.gz,opa,validation/scenario-multiple-yaml/samp.rego,1.0,2020-05-18 22:09:18-07:00,2021-04-14 05:22:24+04:30,2024-06-14 09:45:50+00:00,22.177471974589900
meshcloud/collie-hub,meshcloud-collie-hub.tar.gz,azure,kit/azure/landingzones/corp-online/lib/corp/policy_definitions/policy_definition_es_deny_private_dns_zones.json,30.0,2022-05-09 21:22:35+02:00,2023-11-30 10:19:03+01:00,2025-03-11 15:48:57+00:00,54.933691159207500
openmpdk/dss-minio,OpenMPDK-dss-minio.tar.gz,opa,docs/sts/putobject.rego,7.0,2014-11-02 14:54:31-05:00,2018-10-25 11:39:31+05:30,2024-05-08 17:17:55+00:00,41.79777088947270
nuts-foundation/nuts-workshops,nuts-foundation-nuts-workshops.tar.gz,opa,deployments/api-gateway/apisix/opa_policies/geboortezorg.rego,1.0,2018-12-03 15:48:33+01:00,2024-02-13 14:58:07+01:00,2024-03-29 13:20:55+00:00,97.68525088309140
dod-platform-one/gatekeeper,DoD-Platform-One-Gatekeeper.tar.gz,gatekeeper,chart/templates/constraints/restrictedTaint.yaml,0.0,2020-09-01 17:51:15+00:00,2021-06-24 13:57:11+00:00,2025-05-29 07:11:33+00:00,17.094939087019100
pagopa/eng-azure-governance,pagopa-eng-azure-governance.tar.gz,gatekeeper,src/02_policy_kubernetes/policy_rules/required_image_sha256_gatekeeper.yaml,4.0,2022-02-08 09:43:59+01:00,2023-07-26 12:07:41+02:00,2025-05-27 15:56:41+00:00,44.26288381908190
vikaspogu/openshift-multicluster,Vikaspogu-openshift-multicluster.tar.gz,kyverno,components/kyverno-policy-config/namespace-config-vault-access/03_kube-auth-engine-config.yaml,35.0,2022-06-25 16:25:11-05:00,2024-08-21 13:55:47-04:00,2025-06-25 22:06:34+00:00,71.88265742601050
anderseknert/opal,anderseknert-opal.tar.gz,opa,lib/math.rego,6.0,2020-10-16 23:39:13+02:00,2020-11-26 23:42:58+01:00,2021-02-19 12:16:57+00:00,32.67607842645830
chen-keinan/mesh-kridik,chen-keinan-mesh-kridik.tar.gz,opa,internal/security/mesh/istio/istio_using_3rd_party_tokens.rego,26.0,2021-10-04 11:00:54+03:00,2022-02-01 09:35:21+02:00,2024-09-05 05:56:14+00:00,11.245735036122300
alibaba/sreworks,alibaba-SREWorks.tar.gz,kyverno,chart/sreworks-chart/charts/appmanagerbase/charts/openebs/templates/kyverno/allow-host-ports.yaml,1892.0,2022-03-16 16:08:11+08:00,2022-04-20 22:36:01+08:00,2024-04-11 05:52:37+00:00,4.659671794277710
microsoft/fabric-toolbox,microsoft-fabric-toolbox.tar.gz,azure,samples/azure-policy/pause-capacity-policy/pause-capacity-policy.json,297.0,2023-06-21 10:05:02-07:00,2025-01-28 16:50:31-08:00,2025-06-04 15:36:34+00:00,82.26523699096680
dmwm/cmskubernetes,dmwm-CMSKubernetes.tar.gz,gatekeeper,helm/opapolicies/charts/requiredprobes/templates/requiredprobes-constraint.yaml,19.0,2018-03-02 13:14:50-05:00,2022-08-11 13:41:19+02:00,2025-06-16 09:39:00+00:00,60.94423723306340
aws-cloudformation/rain,aws-cloudformation-rain.tar.gz,cloudformation-guard,internal/cmd/build/tmpl/scripts/rules.guard,897.0,2019-05-10 09:49:43+01:00,2024-02-09 16:11:19-08:00,2025-04-17 23:29:34+00:00,80.04384170440690
azure/terraform-azurerm-caf-enterprise-scale,Azure-terraform-azurerm-caf-enterprise-scale.tar.gz,azure,modules/archetypes/lib/policy_definitions/policy_definition_es_deny_azfw_without_policy.json,924.0,2020-09-23 17:11:55+00:00,2024-06-04 18:47:50+01:00,2025-06-20 09:10:33+00:00,78.006106459863
defenseunicorns/lula,defenseunicorns-lula.tar.gz,kyverno,demo/simple/oscal-component-kyverno.yaml,180.0,2022-08-29 11:58:02-07:00,2024-07-15 20:44:42-07:00,2025-02-13 16:43:42+00:00,76.35561408573220
solo-io/hoot,solo-io-hoot.tar.gz,opa,07-intro-to-opa/query.rego,113.0,2020-05-22 11:18:23-04:00,2020-10-25 15:15:42-04:00,2024-02-22 00:42:55+00:00,11.395629792069500
prefapp/daggerverse,prefapp-daggerverse.tar.gz,opa,opa/fixtures/.firestartr/validations/policies/soups-app.rego,0.0,2024-03-22 16:31:15+01:00,2025-02-24 15:53:24+01:00,2025-06-05 15:28:26+00:00,77.03982322522420
jostrm/azure-enterprise-scale-ml,jostrm-azure-enterprise-scale-ml.tar.gz,azure,environment_setup/aifactory/bicep/esml-util/policy/Deny-Private-DNS-Zones.json,44.0,2021-04-20 13:49:21+02:00,2024-08-26 22:59:17+02:00,2025-06-10 00:01:59+00:00,81.0039557757924
novamachina/home-ops,NovaMachina-home-ops.tar.gz,kyverno,kubernetes/apps/kyverno/kyverno/policies/ingress-authentik-annotations.yaml,0.0,2024-08-16 18:40:06-05:00,2025-01-04 10:09:32-06:00,2025-06-23 21:15:49+00:00,45.25159071025290
cheriot-platform/network-stack,CHERIoT-Platform-network-stack.tar.gz,opa,network_stack.rego,7.0,2023-12-13 18:13:56+00:00,2024-02-29 12:16:18+00:00,2025-05-09 19:29:40+00:00,15.154712136940700
packtpublishing/kubernetes-an-enterprise-guide-third-edition,PacktPublishing-Kubernetes-An-Enterprise-Guide-Third-Edition.tar.gz,opa,chapter11/defaultUser/addDefaultUser.yaml,95.0,2023-06-07 10:43:41+05:30,2023-11-03 09:33:36-04:00,2025-03-05 01:15:47+00:00,23.45147694600570
intelops/policyhub,intelops-policyhub.tar.gz,opa,genval/defaultpolicies/rego/infrafile_policies/k8s/deny_priviliged/deny_priviliged.rego,1.0,2023-12-22 14:25:48+05:30,2024-06-14 11:39:15+05:30,2024-08-04 16:34:10+00:00,77.27361526103590
alexrogalskiy/charts,AlexRogalskiy-charts.tar.gz,opa,policy/deny.rego,1.0,2021-02-09 23:35:46+03:00,2021-07-27 14:43:24+03:00,2025-06-15 04:13:20+00:00,10.567258699381100
cbc02009/k8s-home-ops,cbc02009-k8s-home-ops.tar.gz,kyverno,.archive/kyverno/kyverno/policies/ingress-cert-manager-annotations.yaml,10.0,2022-07-20 14:21:16-04:00,2025-02-25 10:51:47-05:00,2025-06-09 00:58:55+00:00,90.19422433939360
azure/azure-policy,Azure-azure-policy.tar.gz,azure,samples/Compute/audit-classic-VM/azurepolicy.json,1587.0,2017-07-26 20:58:06-07:00,2018-08-30 09:48:25-07:00,2025-06-22 18:35:06+00:00,13.836185518408000
dod-platform-one/kyverno-policies,DoD-Platform-One-Kyverno-Policies.tar.gz,kyverno,chart/templates/restrict-external-names.yaml,3.0,2021-12-02 14:17:11+00:00,2022-02-01 21:34:35+00:00,2025-05-30 17:23:09+00:00,4.807650292647370
alexrogalskiy/screenshots,AlexRogalskiy-screenshots.tar.gz,opa,policy/deny.rego,3.0,2021-02-14 16:49:53+03:00,2021-08-19 13:43:36+03:00,2025-06-15 04:18:03+00:00,11.752042016095200
gucio1200/home-infra,gucio1200-home-infra.tar.gz,kyverno,k8s/apps/networking/ingress-nginx/app/clusterpolicy.yaml,3.0,2022-12-21 17:01:34+01:00,2023-01-01 07:09:13+01:00,2025-06-07 20:17:41+00:00,1.177591922415440
aws/aws-cdk,aws-aws-cdk.tar.gz,cloudformation-guard,tools/@aws-cdk/security-guardian/rules/trust_scope_rules.guard,12230.0,2017-10-04 19:22:37+00:00,2025-04-15 05:32:39+00:00,2025-06-10 14:06:43+00:00,97.99139710928970
googlecloudplatform/solution-acceleration-toolkit,GoogleCloudPlatform-solution-acceleration-toolkit.tar.gz,gatekeeper,templates/policygen/forseti/overall/iam_deny_public_access.yaml,162.0,2020-04-28 13:04:49-04:00,2020-05-28 11:28:10-04:00,2025-05-13 19:54:29+00:00,1.625799367810590
aquasecurity/avd-generator,aquasecurity-avd-generator.tar.gz,opa,goldens/rego/Baseline #6 - AppArmor policy disabled.rego,6.0,2020-08-12 14:58:32-07:00,2021-04-15 16:41:14-07:00,2025-06-05 19:37:20+00:00,13.998011676482400
armory/se-spinnaker-config,armory-se-spinnaker-config.tar.gz,opa,policies/policy-lb22.rego,5.0,2020-07-02 10:24:00-07:00,2020-12-02 19:13:58-08:00,2022-04-12 23:10:42+00:00,23.62909225772650
tkpegatron/homelab-k8sflux,TkPegatron-homelab-k8sflux.tar.gz,kyverno,kubernetes/main/applications/kyverno/kyverno/policies/delete-cpu-limits.yaml,1.0,2023-08-19 11:24:29-04:00,2024-06-13 00:03:33+00:00,2025-06-27 06:27:36+00:00,44.03018040877150
snowflake-labs/sansshell,Snowflake-Labs-sansshell.tar.gz,opa,cmd/proxy-server/default-policy.rego,107.0,2021-06-24 16:20:51-04:00,2021-11-09 21:49:19+00:00,2025-06-18 06:05:01+00:00,9.492635920632270
odahu/odahu-flow,odahu-odahu-flow.tar.gz,opa,helms/odahu-flow-core/policies/api/roles.rego,12.0,2017-09-18 19:10:36+02:00,2020-10-28 08:53:48+03:00,2022-04-27 11:14:36+00:00,67.52062580211450
budimanjojo/home-cluster,budimanjojo-home-cluster.tar.gz,kyverno,cluster/apps/default/clusterpolicies/base/delete-cpu-limits.yaml,200.0,2021-06-28 18:05:43+07:00,2022-12-28 17:39:59+07:00,2025-06-10 07:15:16+00:00,37.97941163378650
daluca/cloud,daluca-cloud.tar.gz,gatekeeper,policy/constraints/base/https-only.yaml,1.0,2023-01-14 12:39:12+13:00,2023-02-21 11:11:32+13:00,2025-01-27 07:25:47+00:00,5.0971243093662800
bearer/bearer,Bearer-bearer.tar.gz,opa,pkg/commands/process/settings/processors/rails_encrypted.rego,2321.0,2022-09-27 19:03:03+02:00,2023-01-26 15:41:54+00:00,2025-06-20 10:51:58+00:00,12.133893127652500
koralium/opadotnet,koralium-OPADotNet.tar.gz,opa,samples/MvcExample/policies/read.rego,10.0,2021-07-29 02:18:57+02:00,2021-08-13 18:33:35+02:00,2024-10-12 20:26:09+00:00,1.3377979075928000
charbelnemnom/power-mvp-elite,CharbelNemnom-Power-MVP-Elite.tar.gz,azure,Azure/Azure Policy/Diagnostic Settings/Event Hub/Policy-Definition-EH.json,53.0,2017-12-12 22:44:09+04:00,2020-12-10 07:54:04+01:00,2025-06-06 08:11:36+00:00,40.01766090327860
educates/educates-training-platform,educates-educates-training-platform.tar.gz,kyverno,carvel-packages/installer/bundle/config/ytt/_ytt_lib/packages/educates/_ytt_lib/kyverno-policies/upstream/other/b-d/disallow-localhost-services/disallow-localhost-services.yaml,99.0,2021-03-11 17:02:23+11:00,2024-05-14 19:46:40+02:00,2025-06-07 08:12:32+00:00,74.91422703118730
falkwinkler/k3s-gitops,FalkWinkler-k3s-gitops.tar.gz,kyverno,kubernetes/apps/kyverno/kyverno/policies/inject-tz.yaml,1.0,2021-12-13 11:43:28+01:00,2023-05-22 05:07:53+00:00,2024-02-03 07:55:53+00:00,67.11573702187760
legit-labs/legitify,Legit-Labs-legitify.tar.gz,opa,policies/github/common/secrets.rego,810.0,2022-07-14 18:13:18+03:00,2024-05-15 09:55:28-04:00,2025-03-28 22:50:27+00:00,67.88769526454710
samip5/k8s-cluster,samip5-k8s-cluster.tar.gz,kyverno,.archive/base/kyverno/policies/apply-ingress-whitelist-annotations.yaml,136.0,2021-07-20 23:14:52+00:00,2024-01-11 17:12:59+02:00,2025-06-10 12:03:26+00:00,63.68489122755230
data-catering/insta-infra,data-catering-insta-infra.tar.gz,opa,cmd/insta/resources/data/opa/policies/lakekeeper/authentication.rego,154.0,2024-05-29 10:19:21+08:00,2025-04-25 18:16:21+08:00,2025-06-10 15:43:49+00:00,87.75623164759660
premisedata/gcp-tutorials,premisedata-gcp-tutorials.tar.gz,cloud-custodian,002-cloud-custodian-metric-filters/instance_utilization.yml,36.0,2021-05-18 11:48:23-04:00,2021-07-06 12:59:22-04:00,2023-09-13 14:55:20+00:00,5.784366150712160
tkestack/charts,tkestack-charts.tar.gz,opa,incubator/kubesphere/files/extensions.customresourcefilters.rego,42.0,2020-10-13 14:37:43+08:00,2025-02-27 18:56:29+08:00,2025-06-10 09:38:32+00:00,93.94836747828910
ardanlabs/liarsdice,ardanlabs-liarsdice.tar.gz,opa,business/web/auth/rego/authentication.rego,16.0,2022-07-18 13:12:02-04:00,2022-12-09 12:23:03+00:00,2025-05-12 21:47:28+00:00,13.972069223806000
nexodus-io/nexodus,nexodus-io-nexodus.tar.gz,opa,internal/routers/token.rego,62.0,2022-10-03 14:49:20-04:00,2023-03-15 17:53:40+00:00,2024-07-23 13:32:16+00:00,24.736845138219900
jsa4000/homelab-ops,jsa4000-homelab-ops.tar.gz,kyverno,kubernetes/addons/security/kyverno/policies/remove-cpu-limits.yaml,5.0,2024-03-12 10:56:17+01:00,2024-05-31 12:45:32+02:00,2025-02-23 14:02:39+00:00,22.98703256986190
tyconsulting/azurepolicy,tyconsulting-azurepolicy.tar.gz,azure,policy-definitions/audit-resources-without-tags/azurepolicy.json,147.0,2018-08-22 12:12:19+10:00,2019-06-02 01:37:16+10:00,2025-03-08 03:11:39+00:00,11.864188475752700
labring-actions/cluster-image,labring-actions-cluster-image.tar.gz,kyverno,applications/openebs-cstor/v3.3.0/charts/openebs/templates/kyverno/require-user-groups.yaml,74.0,2022-04-21 23:03:32+08:00,2022-11-29 14:23:32+08:00,2025-05-30 08:50:38+00:00,19.532111799125
azsk/azts-docs,azsk-AzTS-docs.tar.gz,azure,Policies/SQLServer/Azure_SQLDatabase_Audit_Enable_Threat_Detection_Server/Security - SQL Server - AuditSqlServerAuditingSettings.json,300.0,2021-04-14 21:58:59+05:30,2023-02-21 15:11:35+05:30,2025-06-27 04:55:43+00:00,44.16480183901330
rancher/partner-charts,rancher-partner-charts.tar.gz,kyverno,charts/openebs/openebs/3.9.0/templates/kyverno/allow-privilege-escalation.yaml,54.0,2020-06-30 10:05:01-07:00,2024-07-08 16:54:58-06:00,2025-06-10 00:04:47+00:00,81.38536170283260
linkedin/openhouse,linkedin-openhouse.tar.gz,opa,infra/recipes/docker-compose/common/opa/policy.rego,354.0,2024-02-14 15:23:42-08:00,2024-02-23 15:45:32-08:00,2025-06-10 01:25:00+00:00,1.8739258866413800
par-tec/super-sast,par-tec-super-sast.tar.gz,opa,.docker-security.rego,13.0,2022-12-14 14:52:03+01:00,2024-01-31 11:56:55+01:00,2024-01-31 10:56:55+00:00,100.0
soulwhisper/homelab-ops,soulwhisper-homelab-ops.tar.gz,kyverno,.archived/kubernetes/kyverno/policies/enforce-user-namespaces.yaml,0.0,2024-09-14 10:41:23+08:00,2025-05-25 00:00:00+00:00,2025-06-27 18:20:08+00:00,88.22126058249530
cert-manager/cert-manager,cert-manager-cert-manager.tar.gz,kyverno,make/config/kyverno/policy.yaml,12879.0,2017-07-19 09:39:13+01:00,2022-03-13 12:32:08+01:00,2025-06-10 09:44:05+00:00,58.900227146988500
kubernetes/k8s.io,kubernetes-k8s.io.tar.gz,opa,policy/deprecations.rego,824.0,2016-08-22 15:54:57-07:00,2021-08-02 14:02:08-07:00,2025-06-10 16:08:24+00:00,56.19416011311780
azure/aks-app-routing-operator,Azure-aks-app-routing-operator.tar.gz,gatekeeper,pkg/manifests/policy/manifests/k8spspcapabilities.yaml,33.0,2022-03-29 12:30:48-05:00,2024-06-11 08:29:43-05:00,2025-06-27 13:37:55+00:00,67.87034941204810
project-sunbird/sunbird-devops,project-sunbird-sunbird-devops.tar.gz,opa,kubernetes/opa/analytics/main.rego,61.0,2017-07-03 20:47:49+05:30,2022-02-10 15:57:22+05:30,2023-04-26 06:49:27+00:00,79.27829376731740
tuxpeople/k8s-homelab,tuxpeople-k8s-homelab.tar.gz,kyverno,kubernetes/apps/security/kyverno/policies/gatus-internal.yaml,8.0,2021-04-14 08:34:11-04:00,2025-03-07 18:05:23+01:00,2025-06-09 10:35:55+00:00,93.82105393654880
googlecloudplatform/terraform-google-secured-data-warehouse,GoogleCloudPlatform-terraform-google-secured-data-warehouse.tar.gz,gatekeeper,policy-library/policies/constraints/bigquery_cmek.yaml,84.0,2021-05-03 21:43:33+00:00,2021-11-29 09:54:18-06:00,2025-06-18 21:59:54+00:00,13.918771394643400
crossplane/tbs,crossplane-tbs.tar.gz,gatekeeper,episodes/14/assets/gatekeeper/constraint-app.yaml,52.0,2019-08-07 16:25:24-05:00,2020-04-10 14:20:51-05:00,2021-01-13 16:06:32+00:00,47.05098940761350
sebastiaanpasterkamp/dndmachine,SebastiaanPasterkamp-dndmachine.tar.gz,opa,internal/policy/rego/session.rego,1.0,2021-12-23 18:55:02+01:00,2022-02-22 19:54:42+01:00,2024-01-12 17:19:26+00:00,8.13912631441061
awslabs/idf-modules,awslabs-idf-modules.tar.gz,kyverno,modules/compute/eks/kyverno-policies/validate/disallow-helm-tiller.yaml,54.0,2023-03-10 10:00:34-05:00,2023-06-06 12:22:50-05:00,2025-04-25 16:57:07+00:00,11.337145469006700
blaqvikin/powershell-in-the-making,blaqvikin-Powershell-In-The-Making.tar.gz,azure,ARMTemplates/NamingPolicy.json,0.0,2020-01-09 22:34:37+02:00,2022-02-04 23:23:34+02:00,2025-04-11 11:54:42+00:00,39.4568240332163
kube-tarian/helmrepo-supporting-tools,kube-tarian-helmrepo-supporting-tools.tar.gz,kyverno,charts/monitoring/templates/clustername-policy.yaml,2.0,2023-01-08 12:34:56-06:00,2024-03-11 22:29:29+05:30,2024-07-02 05:28:24+00:00,79.18044395476300
jameswoolfenden/terraform-aws-activemq,JamesWoolfenden-terraform-aws-activemq.tar.gz,checkov-py,checkov/MQBrokerLogging.py,1.0,2020-01-14 14:03:52+00:00,2020-03-29 21:45:42+01:00,2023-12-05 10:51:44+00:00,5.298108372700830
artifacthub/hub,artifacthub-hub.tar.gz,opa,cmd/ah/testdata/lint/test5/pkgs/policy1.rego,1857.0,2020-01-14 10:54:58+01:00,2021-09-09 08:24:20+02:00,2025-05-20 15:15:55+00:00,30.91576145425410
spiffe/spire,spiffe-spire.tar.gz,opa,pkg/server/authpolicy/policy.rego,1966.0,2017-10-24 14:26:48-07:00,2021-08-25 17:05:25-05:00,2025-06-10 12:35:39+00:00,50.29477141025100
azurenoops/ref-scca-enclave-policy-starter,azurenoops-ref-scca-enclave-policy-starter.tar.gz,azure,infrastructure/policy/custompolicies/lib/definitions/monitoring/deploy_activitylog_la_workspace_keyregen.json,2.0,2023-05-05 10:37:45-04:00,2024-06-26 08:14:30-04:00,2024-08-28 13:41:39+00:00,86.8886426611996
brunoreboul/terraform-google-realtime-asset-monitor,BrunoReboul-terraform-google-realtime-asset-monitor.tar.gz,opa,modules/fetchrules/constraints.rego,2.0,2021-07-29 06:30:18+02:00,2024-02-23 18:15:49+01:00,2025-01-09 14:46:11+00:00,74.54069846386010
azure/community-policy,Azure-Community-Policy.tar.gz,azure,policyDefinitions/General/resource-name-contains-resource-group-name/azurepolicy.json,676.0,2019-11-12 16:24:58-08:00,2023-06-19 16:54:07-05:00,2025-06-11 15:06:28+00:00,64.53118378112450
lakekeeper/lakekeeper,lakekeeper-lakekeeper.tar.gz,opa,authz/opa-bridge/policies/trino/user.rego,719.0,2024-04-23 16:47:10+02:00,2025-01-07 15:14:12+01:00,2025-06-10 11:32:45+00:00,62.7268268662955
nonfx/starchitect-cloudguard,nonfx-starchitect-cloudguard.tar.gz,opa,terraform/aws/Amazon MemoryDB/aws_memorydb_network_security.rego,11.0,2024-11-18 20:02:21+08:00,2024-11-22 16:24:34+08:00,2025-03-04 04:19:21+00:00,3.641954215595440
konflux-ci/konflux-ci,konflux-ci-konflux-ci.tar.gz,kyverno,dependencies/kyverno/policy/pod-requests-del.yaml,76.0,2024-03-09 14:26:12+02:00,2025-04-06 05:55:24+00:00,2025-06-10 15:21:23+00:00,85.72583433798500
andrewkrug/securing-the-cloud-supplemental,andrewkrug-securing-the-cloud-supplemental.tar.gz,cloud-custodian,supplemental/04-04/sanctioned-security-group.yml,37.0,2021-01-23 09:30:56-08:00,2021-04-30 12:54:34-07:00,2024-11-19 19:56:30+00:00,6.955065518360680
noobient/noobuntu,noobient-noobuntu.tar.gz,opa,ansible/roles/docker/files/authz.rego,6.0,2019-07-31 11:45:42+02:00,2019-11-28 21:35:33+01:00,2023-02-17 00:17:45+00:00,9.289739734688130
atea/tc24-infraops,atea-tc24-infraops.tar.gz,azure,Core/lib/policy_definitions/policy_definition_es_enforce_resource_tags.json,1.0,2023-05-12 11:37:21+02:00,2024-04-12 12:54:21+02:00,2024-04-21 11:16:09+00:00,97.38743583200440
fybrik/hello-world-read-module,fybrik-hello-world-read-module.tar.gz,opa,sample_assets/sample-policy.rego,0.0,2021-03-21 16:53:52+02:00,2021-04-22 16:51:11+03:00,2022-08-11 13:17:46+00:00,6.291470194871490
devantler-tech/platform,devantler-tech-platform.tar.gz,kyverno,k8s/base/infrastructure/cluster-policies/samples/kubevirt/enforce-instancetype/enforce-instancetype.yaml,25.0,2023-05-23 22:10:33+02:00,2025-03-13 20:58:56+01:00,2025-06-09 23:36:06+00:00,88.21738084029790
checkmarx/kics,Checkmarx-kics.tar.gz,opa,assets/libraries/grpc.rego,2390.0,2020-07-09 00:46:17+03:00,2021-12-15 14:18:58+00:00,2025-06-27 16:50:12+00:00,28.91178016130090
florisfeddema/homelab,FlorisFeddema-homelab.tar.gz,kyverno,products/core/kyverno/templates/policies/prevent-nodeport.yaml,7.0,2022-10-17 22:53:20+02:00,2025-04-08 20:42:10+02:00,2025-06-27 15:55:43+00:00,91.87996015470310
helderpinto/azureupdatemanagertools,helderpinto-AzureUpdateManagerTools.tar.gz,azure,policy/maintenance-configuration-deployifnotexists.json,18.0,2023-09-23 18:11:04+01:00,2024-01-20 18:29:18+00:00,2024-10-20 21:58:19+00:00,30.278353612274200
yunosukey/policy-for-pss,YunosukeY-policy-for-pss.tar.gz,opa,pod-security-standards/lib/wrapper/wrapper.rego,2.0,2022-11-27 15:29:15+09:00,2022-12-17 23:15:53+09:00,2025-06-27 07:48:49+00:00,2.1551283263787
clouditor/clouditor,clouditor-clouditor.tar.gz,opa,policies/bundles/TransportEncryption/TlsDHGroups/metric.rego,77.0,2019-05-27 18:16:21+02:00,2024-04-26 21:08:06+00:00,2025-06-04 17:32:45+00:00,81.643603986318
rafaysystems/getstarted,RafaySystems-getstarted.tar.gz,gatekeeper,turnkey-opa/opaconstraints/artifacts/proc-mount-custom/proc-mount.yaml,13.0,2021-11-19 17:07:37-08:00,2022-06-03 13:40:32-04:00,2025-04-25 21:19:58+00:00,15.619650328136800
jfroy/flatops,jfroy-flatops.tar.gz,kyverno,kubernetes/apps/kyverno/kyverno-policies/app/clusterpolicy.yaml,22.0,2024-02-28 19:28:08-08:00,2024-05-30 14:12:04-07:00,2025-06-10 10:58:27+00:00,19.6311460579908
aquasecurity/tracee-action,aquasecurity-tracee-action.tar.gz,opa,signatures/file_write.rego,82.0,2021-05-26 16:52:46-07:00,2023-01-23 20:05:03+02:00,2025-02-08 18:43:56+00:00,44.81939831441450
joshuaspence/homelab,joshuaspence-homelab.tar.gz,opa,policy/kubernetes.rego,9.0,2020-07-10 18:35:40+10:00,2020-10-02 12:37:05+10:00,2022-03-07 12:43:10+00:00,13.83920622489210
autokitteh/autokitteh,autokitteh-autokitteh.tar.gz,opa,configs/opa_bundles/default/authz.rego,820.0,2024-02-16 21:59:48-08:00,2024-12-25 08:10:51+01:00,2025-06-10 13:37:57+00:00,65.1027577295671
dmtf/spdm-emu,DMTF-spdm-emu.tar.gz,opa,spdm_emu/spdm_device_verifier_tool/SpdmSamplePolicy.rego,45.0,2021-04-12 08:43:55-07:00,2022-08-01 23:35:05+08:00,2025-06-13 08:25:44+00:00,31.25994667610570
dod-platform-one/gitlab-runner,DoD-Platform-One-gitlab-runner.tar.gz,kyverno,chart/templates/bigbang/kyverno/sync-gitlab-runner-secret.yaml,0.0,2020-05-04 14:49:06+00:00,2023-03-20 22:11:38+00:00,2025-06-17 20:48:59+00:00,56.15866115833340
hc-ippm/safe-inputs,HC-IPPM-safe-inputs.tar.gz,kyverno,policies/disallow-privilege-escalation.yaml,3.0,2022-07-12 17:17:11-04:00,2024-07-11 18:14:15-03:00,2025-06-26 17:38:13+00:00,67.60192208989650
likvid-bank/likvid-cloudfoundation,likvid-bank-likvid-cloudfoundation.tar.gz,azure,kit/azure/landingzones/sandbox/lib/policy_definitions/policy_definition_es_deny_vnet_peer_cross_sub.json,5.0,2022-07-18 14:46:27+02:00,2023-11-24 18:11:11+01:00,2025-06-03 14:48:44+00:00,47.016547727795800
jamelachahbar/azureoptimizer,jamelachahbar-AzureOptimizer.tar.gz,cloud-custodian,CostOptimizerFunction/HttpTrigger1/policies/policies.yaml,2.0,2024-06-21 08:52:14+02:00,2024-07-03 17:30:34+02:00,2025-03-21 07:30:16+00:00,4.527017591992910
sapcc/gatekeeper-addons,sapcc-gatekeeper-addons.tar.gz,gatekeeper,doop-analyzer/fixtures/gatekeeper/gkownerinfoonhelmreleases.yaml,2.0,2021-04-08 14:14:32+02:00,2023-08-10 14:24:59+02:00,2025-06-26 15:09:10+00:00,55.45065001269520
envoyproxy/archive,envoyproxy-archive.tar.gz,opa,docs/envoy/v1.31.0/_downloads/820c9994319e32174253485940818917/policy.rego,2.0,2017-08-29 13:18:34-05:00,2024-07-19 18:01:01+00:00,2025-05-07 19:40:10+00:00,89.5988974284707
brunostjohn/homelab,brunostjohn-homelab.tar.gz,kyverno,apps/clusterApps/templates/clean-old-replicasets.yaml,32.0,2024-07-29 23:02:52+01:00,2025-04-06 16:50:03+01:00,2025-06-27 13:07:38+00:00,75.3817675342911
cert-manager/website,cert-manager-website.tar.gz,gatekeeper,content/v1.13-docs/tutorials/getting-started-with-trust-manager/gatekeeper/gatekeeper-trust-pod-ca-volume.yaml,56.0,2019-07-02 00:42:33+01:00,2023-09-13 10:45:07+02:00,2025-06-27 01:18:10+00:00,70.15684489883830
kyma-project/test-infra,kyma-project-test-infra.tar.gz,gatekeeper,prow/cluster/resources/gatekeeper-constraints/workloads/hostNetworkPorts.yaml,37.0,2018-09-05 11:44:21+02:00,2023-06-05 08:47:51+02:00,2025-06-27 18:15:14+00:00,69.70768482375530
meshery/meshery,meshery-meshery.tar.gz,opa,server/meshmodel/meshery-core/0.7.2/v1.0.0/policies/path_helper_rules.rego,7422.0,2018-11-14 07:41:00-06:00,2024-10-18 14:32:33+05:30,2025-06-27 16:41:31+00:00,89.56120641680320
factorhouse/kpow-local,factorhouse-kpow-local.tar.gz,cloud-custodian,resources/rbac/hash-rbac.yml,19.0,2019-10-29 11:21:52+11:00,2024-02-14 23:27:11+11:00,2025-05-29 01:23:17+00:00,76.97257787978470