repo_name,archive_name
porter-dev/porter-archive,porter-dev-porter-archive.tar.gz
suxess-it/kubriX,suxess-it-kubriX.tar.gz
sapcc/gatekeeper-addons,sapcc-gatekeeper-addons.tar.gz
nulldriver/cf-cli-resource,nulldriver-cf-cli-resource.tar.gz
XenitAB/gatekeeper-library,XenitAB-gatekeeper-library.tar.gz
c0c0n3/kitt4sme,c0c0n3-kitt4sme.tar.gz
haraldkoch/kochhaus-home,haraldkoch-kochhaus-home.tar.gz
evry-ace/helm-charts,evry-ace-helm-charts.tar.gz
kuberise/kuberise.io,kuberise-kuberise.io.tar.gz
aquasecurity/chain-bench,aquasecurity-chain-bench.tar.gz
trevorbox/service-mesh-patterns,trevorbox-service-mesh-patterns.tar.gz
NightProgrammers/devops-research,NightProgrammers-devops-research.tar.gz
getupcloud/helm-charts,getupcloud-helm-charts.tar.gz
Azure/ShieldGuard,Azure-ShieldGuard.tar.gz
Azure/aca-landing-zone-accelerator,Azure-aca-landing-zone-accelerator.tar.gz
kubebb/components,kubebb-components.tar.gz
cisagov/ScubaGear,cisagov-ScubaGear.tar.gz
sighupio/container-signature-enforcer,sighupio-container-signature-enforcer.tar.gz
Azure/avdaccelerator,Azure-avdaccelerator.tar.gz
pluralsh/bootstrap,pluralsh-bootstrap.tar.gz
SamYuan1990/Probe,SamYuan1990-Probe.tar.gz
holaplex/hub-permissions,holaplex-hub-permissions.tar.gz
clayrisser/charts,clayrisser-charts.tar.gz
nais/aivenator,nais-aivenator.tar.gz
gepaplexx/gp-helm-chart-development,gepaplexx-gp-helm-chart-development.tar.gz
kondukto-io/kntrl,kondukto-io-kntrl.tar.gz
concourse/ci,concourse-ci.tar.gz
tenable/terrascan,tenable-terrascan.tar.gz
binxio/aws-cfn-update,binxio-aws-cfn-update.tar.gz
hashicorp-services/enablement-terraform-lab-modules,hashicorp-services-enablement-terraform-lab-modules.tar.gz
oracle-devrel/cd3-automation-toolkit,oracle-devrel-cd3-automation-toolkit.tar.gz
AlexRogalskiy/javascript-patterns,AlexRogalskiy-javascript-patterns.tar.gz
open-policy-agent/gatekeeper,open-policy-agent-gatekeeper.tar.gz
sudoersllc/opsbox-rego,sudoersllc-opsbox-rego.tar.gz
ismailbay/k8s-dev-stack,ismailbay-k8s-dev-stack.tar.gz
buvis/clusters,buvis-clusters.tar.gz
ryan-mcd/gitops-home-cluster,ryan-mcd-gitops-home-cluster.tar.gz
redhat-cop/gitops-catalog,redhat-cop-gitops-catalog.tar.gz
open-cluster-management-io/policy-collection,open-cluster-management-io-policy-collection.tar.gz
ministryofjustice/modernisation-platform-environments,ministryofjustice-modernisation-platform-environments.tar.gz
Azure/bicep-registry-modules,Azure-bicep-registry-modules.tar.gz
davidclin/cloudcustodian-policies,davidclin-cloudcustodian-policies.tar.gz
debate-map/app,debate-map-app.tar.gz
replicatedhq/kURL,replicatedhq-kURL.tar.gz
BeryJu/k8s,BeryJu-k8s.tar.gz
konflux-ci/konflux-test,konflux-ci-konflux-test.tar.gz
Azure/AzureMonitorStarterPacks,Azure-AzureMonitorStarterPacks.tar.gz
vinod827/cloudkit-lab,vinod827-cloudkit-lab.tar.gz
AlexRogalskiy/wotd,AlexRogalskiy-wotd.tar.gz
Cray-HPE/cray-opa-gatekeeper,Cray-HPE-cray-opa-gatekeeper.tar.gz
open-policy-agent/library,open-policy-agent-library.tar.gz
kubesphere/kubesphere,kubesphere-kubesphere.tar.gz
dlcowen/sansfor509,dlcowen-sansfor509.tar.gz
axeII/home-ops,axeII-home-ops.tar.gz
hashicorp/terraform-guides,hashicorp-terraform-guides.tar.gz
networkservicemesh/sdk,networkservicemesh-sdk.tar.gz
GoogleCloudPlatform/blueprints,GoogleCloudPlatform-blueprints.tar.gz
envoyproxy/archive,envoyproxy-archive.tar.gz
giantswarm/kyverno-app,giantswarm-kyverno-app.tar.gz
azurenoops/terraform-azurerm-overlays-policy,azurenoops-terraform-azurerm-overlays-policy.tar.gz
wunderio/charts,wunderio-charts.tar.gz
marvinbuss/Terraform-LandingZones,marvinbuss-Terraform-LandingZones.tar.gz
dheerajodha/the-mentalist-quiz,dheerajodha-the-mentalist-quiz.tar.gz
aws-cloudformation/resource-schema-guard-rail,aws-cloudformation-resource-schema-guard-rail.tar.gz
mailbadger/app,mailbadger-app.tar.gz
SAP/InfraBox,SAP-InfraBox.tar.gz
AlexRogalskiy/proverbs,AlexRogalskiy-proverbs.tar.gz
JamesWoolfenden/terraform-aws-s3,JamesWoolfenden-terraform-aws-s3.tar.gz
lenaxia/home-ops-dev,lenaxia-home-ops-dev.tar.gz
controlplaneio-fluxcd/d1-fleet,controlplaneio-fluxcd-d1-fleet.tar.gz
MicroAgeServicesOrg/Azure-Lighthouse-deploymentAutomation,MicroAgeServicesOrg-Azure-Lighthouse-deploymentAutomation.tar.gz
pluralsh/plural-helm-charts,pluralsh-plural-helm-charts.tar.gz
courselabs/kubernetes,courselabs-kubernetes.tar.gz
ansible/ansible-policy,ansible-ansible-policy.tar.gz
jferrater/opa-data-filter-spring-boot-starter,jferrater-opa-data-filter-spring-boot-starter.tar.gz
Sud1691/azure_repo,Sud1691-azure_repo.tar.gz
diwise/iot-device-mgmt,diwise-iot-device-mgmt.tar.gz
chrisns/k8s-opa-boilerplate,chrisns-k8s-opa-boilerplate.tar.gz
google/gke-policy-automation,google-gke-policy-automation.tar.gz
tvories/k8s-gitops,tvories-k8s-gitops.tar.gz
shiblon/entroq,shiblon-entroq.tar.gz
kubesphere/helm-charts,kubesphere-helm-charts.tar.gz
cloudposse/terraform-aws-components,cloudposse-terraform-aws-components.tar.gz
Orange-OpenSource/optisam-backend,Orange-OpenSource-optisam-backend.tar.gz
linode/apl-core,linode-apl-core.tar.gz
open-policy-agent/gatekeeper-library,open-policy-agent-gatekeeper-library.tar.gz
intel/confidential-computing-zoo,intel-confidential-computing-zoo.tar.gz
SecureHats/SecureHacks,SecureHats-SecureHacks.tar.gz
osnabrugge/home-ops,osnabrugge-home-ops.tar.gz
giantswarm/kyverno-policies,giantswarm-kyverno-policies.tar.gz
Azure/Enterprise-Scale,Azure-Enterprise-Scale.tar.gz
leoviana00/lab-k8s-prep-cks,leoviana00-lab-k8s-prep-cks.tar.gz
elastisys/compliantkubernetes-apps,elastisys-compliantkubernetes-apps.tar.gz
suse-edge/charts,suse-edge-charts.tar.gz
chef/automate,chef-automate.tar.gz
DiamondLightSource/workflows,DiamondLightSource-workflows.tar.gz
elastic/cloud-on-k8s,elastic-cloud-on-k8s.tar.gz
fahlke/flux-kind,fahlke-flux-kind.tar.gz
JimGBritt/AzurePolicy,JimGBritt-AzurePolicy.tar.gz
doitintl/kube-no-trouble,doitintl-kube-no-trouble.tar.gz
omc-college/management-system,omc-college-management-system.tar.gz
hashicorp/observability-as-code,hashicorp-observability-as-code.tar.gz
bcgov/cloud-custodian-policies,bcgov-cloud-custodian-policies.tar.gz
ViktorUJ/cks,ViktorUJ-cks.tar.gz
m9sweeper/m9sweeper,m9sweeper-m9sweeper.tar.gz
confidential-containers/trustee,confidential-containers-trustee.tar.gz
chaitin/veinmind-tools,chaitin-veinmind-tools.tar.gz
WorkshopOrgTest/tailspin-spacegame,WorkshopOrgTest-tailspin-spacegame.tar.gz
portefaix/portefaix-policies,portefaix-portefaix-policies.tar.gz
operate-first/continuous-delivery,operate-first-continuous-delivery.tar.gz
ultra-supara/sisakulint,ultra-supara-sisakulint.tar.gz
nerddotdad/truecharts,nerddotdad-truecharts.tar.gz
GoogleCloudPlatform/gke-policy-library,GoogleCloudPlatform-gke-policy-library.tar.gz
EmbarkStudios/opa-policies,EmbarkStudios-opa-policies.tar.gz
thoth-station/thoth-application,thoth-station-thoth-application.tar.gz
vmware/dod-compliance-and-automation,vmware-dod-compliance-and-automation.tar.gz
hatim-khan/abbey-starter-kit-quickstart,hatim-khan-abbey-starter-kit-quickstart.tar.gz
govuk-one-login/authentication-api,govuk-one-login-authentication-api.tar.gz
microsoft/genaiscript,microsoft-genaiscript.tar.gz
controlplaneio/threat-modelling-labs,controlplaneio-threat-modelling-labs.tar.gz
redhat-cop/rego-policies,redhat-cop-rego-policies.tar.gz
JamesWoolfenden/terraform-gcp-storage,JamesWoolfenden-terraform-gcp-storage.tar.gz
grafana/mimir,grafana-mimir.tar.gz
bacalhau-project/bacalhau,bacalhau-project-bacalhau.tar.gz
eclipse-symphony/symphony,eclipse-symphony-symphony.tar.gz
FairwindsOps/charts,FairwindsOps-charts.tar.gz
RWejlgaard/pez-k8s,RWejlgaard-pez-k8s.tar.gz
GoogleCloudPlatform/cloud-foundation-toolkit,GoogleCloudPlatform-cloud-foundation-toolkit.tar.gz
NL-AMS-LOCGOV/zaakafhandelcomponent,NL-AMS-LOCGOV-zaakafhandelcomponent.tar.gz
orchestracities/anubis,orchestracities-anubis.tar.gz
cvat-ai/cvat,cvat-ai-cvat.tar.gz
stackabletech/opa-operator,stackabletech-opa-operator.tar.gz
artazar/flux2-general,artazar-flux2-general.tar.gz
cozystack/cozystack,cozystack-cozystack.tar.gz
DataDog/security-agent-policies,DataDog-security-agent-policies.tar.gz
mxab/nacp,mxab-nacp.tar.gz
microsoft/hcsshim,microsoft-hcsshim.tar.gz
HoussemDellai/ProductsStoreOnKubernetes,HoussemDellai-ProductsStoreOnKubernetes.tar.gz
kubewarden/unique-ingress-policy,kubewarden-unique-ingress-policy.tar.gz
fybrik/charts,fybrik-charts.tar.gz
openshift-4-compliance/openshift-4-compliance-automation,openshift-4-compliance-openshift-4-compliance-automation.tar.gz
ergho/homelab-ops,ergho-homelab-ops.tar.gz
kaapana/kaapana,kaapana-kaapana.tar.gz
scribe-public/gitgat,scribe-public-gitgat.tar.gz
TheDarthMole/upswake,TheDarthMole-upswake.tar.gz
AErmie/DevSecOps,AErmie-DevSecOps.tar.gz
qlonik/musical-parakeet,qlonik-musical-parakeet.tar.gz
ossf/alpha-omega,ossf-alpha-omega.tar.gz
replicatedhq/kots-lint,replicatedhq-kots-lint.tar.gz
intel/policy-library-intel-azure,intel-policy-library-intel-azure.tar.gz
PacktPublishing/Kubernetes---An-Enterprise-Guide-2E,PacktPublishing-Kubernetes---An-Enterprise-Guide-2E.tar.gz
portefaix/portefaix-hub,portefaix-portefaix-hub.tar.gz
phylum-dev/policy,phylum-dev-policy.tar.gz
mxlint/mxlint-extension,mxlint-mxlint-extension.tar.gz
h3mmy/bloopySphere,h3mmy-bloopySphere.tar.gz
CircleCI-Public/circle-policy-agent,CircleCI-Public-circle-policy-agent.tar.gz
kubewarden/rego-policies-library,kubewarden-rego-policies-library.tar.gz
trosvald/home-ops,trosvald-home-ops.tar.gz
TeiaLabs/tauth,TeiaLabs-tauth.tar.gz
AlexRogalskiy/kotlin-patterns,AlexRogalskiy-kotlin-patterns.tar.gz
ratify-project/ratify,ratify-project-ratify.tar.gz
kubev2v/forklift,kubev2v-forklift.tar.gz
CloudNativeGBB/cluster-baseline,CloudNativeGBB-cluster-baseline.tar.gz
kokoichi206/til,kokoichi206-til.tar.gz
Soluto/airbag,Soluto-airbag.tar.gz
9elements/firmware-action,9elements-firmware-action.tar.gz
tyconsulting/BlogPosts,tyconsulting-BlogPosts.tar.gz
cds-snc/opa_checks,cds-snc-opa_checks.tar.gz
prancer-io/prancer-compliance-test,prancer-io-prancer-compliance-test.tar.gz
nakamasato/kubernetes-training,nakamasato-kubernetes-training.tar.gz
tmobile/magtape,tmobile-magtape.tar.gz
JamesWoolfenden/terraform-aws-cloudfront-s3,JamesWoolfenden-terraform-aws-cloudfront-s3.tar.gz
secmon-lab/alertchain,secmon-lab-alertchain.tar.gz
enterprise-contract/ec-policies,enterprise-contract-ec-policies.tar.gz
JamesWoolfenden/terraform-aws-ecr,JamesWoolfenden-terraform-aws-ecr.tar.gz
ministryofjustice/analytical-platform,ministryofjustice-analytical-platform.tar.gz
kyverno/policies,kyverno-policies.tar.gz
osinfra-io/datadog-organization-management,osinfra-io-datadog-organization-management.tar.gz
fybrik/airbyte-module,fybrik-airbyte-module.tar.gz
open-policy-agent/contrib,open-policy-agent-contrib.tar.gz
aws-cloudformation/cloudformation-guard,aws-cloudformation-cloudformation-guard.tar.gz
ioggstream/python-course,ioggstream-python-course.tar.gz
JJGadgets/Biohazard,JJGadgets-Biohazard.tar.gz
martin77s/Azure,martin77s-Azure.tar.gz
bradmccoydev/tfval,bradmccoydev-tfval.tar.gz
erudinsky/Azure-Bicep-Workshop,erudinsky-Azure-Bicep-Workshop.tar.gz
Jdavid77/home-cluster,Jdavid77-home-cluster.tar.gz
spiffe/spire-tutorials,spiffe-spire-tutorials.tar.gz
timebertt/kubernetes-controller-sharding,timebertt-kubernetes-controller-sharding.tar.gz
open-policy-agent/opa,open-policy-agent-opa.tar.gz
cdklabs/cdk-validator-cfnguard,cdklabs-cdk-validator-cfnguard.tar.gz
wkspower/wks-platform,wkspower-wks-platform.tar.gz
AlexRogalskiy/scala-patterns,AlexRogalskiy-scala-patterns.tar.gz
aws-cloudformation/community-registry-extensions,aws-cloudformation-community-registry-extensions.tar.gz
devops-adeel/terraform-vault-secrets-kv,devops-adeel-terraform-vault-secrets-kv.tar.gz
Azure/OnBoardVMInsights,Azure-OnBoardVMInsights.tar.gz
department-of-veterans-affairs/bip-archetypetest,department-of-veterans-affairs-bip-archetypetest.tar.gz
TorStava/k3s-flux-homelab,TorStava-k3s-flux-homelab.tar.gz
bank-vaults/bank-vaults,bank-vaults-bank-vaults.tar.gz
weaveworks/policy-library,weaveworks-policy-library.tar.gz
equinor/radix-platform,equinor-radix-platform.tar.gz
thibaultserti/kubernetes,thibaultserti-kubernetes.tar.gz
thecasualcoder/dobby,thecasualcoder-dobby.tar.gz
USA-RedDragon/home-cluster-flux,USA-RedDragon-home-cluster-flux.tar.gz
canada-ca/cloud-guardrails-gcp,canada-ca-cloud-guardrails-gcp.tar.gz
globalbao/azure-policy-as-code,globalbao-azure-policy-as-code.tar.gz
ministryofjustice/modernisation-platform,ministryofjustice-modernisation-platform.tar.gz
spacelift-io/terraform-starter,spacelift-io-terraform-starter.tar.gz
hashicorp-education/learn-terraform-enforce-policies,hashicorp-education-learn-terraform-enforce-policies.tar.gz
sangkeon/java-opa-wasm,sangkeon-java-opa-wasm.tar.gz
hmcts/azure-policy,hmcts-azure-policy.tar.gz
openinfradev/helm-charts,openinfradev-helm-charts.tar.gz
DiamondLightSource/authz,DiamondLightSource-authz.tar.gz
Azure/bicep,Azure-bicep.tar.gz
aquasecurity/starboard,aquasecurity-starboard.tar.gz
edgelesssys/uplosi,edgelesssys-uplosi.tar.gz
fabianlee/blogcode,fabianlee-blogcode.tar.gz
tmaxbi/hyperdata,tmaxbi-hyperdata.tar.gz
kube-components-stack/kustomization,kube-components-stack-kustomization.tar.gz
kata-containers/kata-containers,kata-containers-kata-containers.tar.gz
toboshii/home-ops,toboshii-home-ops.tar.gz
gettek/terraform-azurerm-policy-as-code,gettek-terraform-azurerm-policy-as-code.tar.gz
a1994sc/helm,a1994sc-helm.tar.gz
back-stack/showcase,back-stack-showcase.tar.gz
loft-sh/jspolicy,loft-sh-jspolicy.tar.gz
Azure/Microsoft-Defender-for-Cloud,Azure-Microsoft-Defender-for-Cloud.tar.gz
datreeio/CRDs-catalog,datreeio-CRDs-catalog.tar.gz
VerticalRelevance/control-broker,VerticalRelevance-control-broker.tar.gz
YvosOnTheHub/LabNetApp,YvosOnTheHub-LabNetApp.tar.gz
AlexRogalskiy/spark-patterns,AlexRogalskiy-spark-patterns.tar.gz
kubescape/regolibrary,kubescape-regolibrary.tar.gz
kasmtech/workspaces-core-images,kasmtech-workspaces-core-images.tar.gz
CanDIG/candig-opa,CanDIG-candig-opa.tar.gz
tparker00/home-ops,tparker00-home-ops.tar.gz
Azure/Azure-Network-Security,Azure-Azure-Network-Security.tar.gz
Azure/azure-powershell,Azure-azure-powershell.tar.gz
EnterpriseDB/edb-terraform,EnterpriseDB-edb-terraform.tar.gz
GoogleCloudPlatform/notebooks-blueprint-security,GoogleCloudPlatform-notebooks-blueprint-security.tar.gz
khulnasoft-lab/starboard,khulnasoft-lab-starboard.tar.gz
cmacrae/helm-charts,cmacrae-helm-charts.tar.gz
jtroberts83/Cloud-Custodian,jtroberts83-Cloud-Custodian.tar.gz
anokfireball/homelab-as-code,anokfireball-homelab-as-code.tar.gz
krnese/AzureDeploy,krnese-AzureDeploy.tar.gz
Azure/draft,Azure-draft.tar.gz
mpapenbr/iracelog-service-manager-go,mpapenbr-iracelog-service-manager-go.tar.gz
Azure/ausgovcaf-cloudsoe,Azure-ausgovcaf-cloudsoe.tar.gz
Azure/CanadaPubSecALZ,Azure-CanadaPubSecALZ.tar.gz
boxp/arch,boxp-arch.tar.gz
fingerprintjs/fingerprint-pro-cloudfront-integration,fingerprintjs-fingerprint-pro-cloudfront-integration.tar.gz
bridgecrewio/checkov,bridgecrewio-checkov.tar.gz
microsoft/Docker-Provider,microsoft-Docker-Provider.tar.gz
DODAS-TS/opa-bundles,DODAS-TS-opa-bundles.tar.gz
sighupio/module-policy,sighupio-module-policy.tar.gz
carbonetes/brainiac,carbonetes-brainiac.tar.gz
jr0dd/home-ops,jr0dd-home-ops.tar.gz
Azure/azure-monitor-baseline-alerts,Azure-azure-monitor-baseline-alerts.tar.gz
JamesWoolfenden/terraform-aws-dax,JamesWoolfenden-terraform-aws-dax.tar.gz
deckhouse/deckhouse,deckhouse-deckhouse.tar.gz
elastisys/compliantkubernetes-kubespray,elastisys-compliantkubernetes-kubespray.tar.gz
litmuschaos/chaos-charts,litmuschaos-chaos-charts.tar.gz
Azure/azure-blueprints,Azure-azure-blueprints.tar.gz
gnunn-gitops/cluster-config,gnunn-gitops-cluster-config.tar.gz
PacktPublishing/Kubernetes-and-Docker-The-Complete-Guide,PacktPublishing-Kubernetes-and-Docker-The-Complete-Guide.tar.gz
GoogleCloudPlatform/pubsec-declarative-toolkit,GoogleCloudPlatform-pubsec-declarative-toolkit.tar.gz
ishioni/homelab-ops,ishioni-homelab-ops.tar.gz
portefaix/portefaix-kubernetes,portefaix-portefaix-kubernetes.tar.gz
brunostjohn/homelab,brunostjohn-homelab.tar.gz
mchmarny/s3cme,mchmarny-s3cme.tar.gz
askmeegs/build-a-platform-with-krm,askmeegs-build-a-platform-with-krm.tar.gz
saltbo/zpan,saltbo-zpan.tar.gz
jaehyeon-kim/kafka-pocs,jaehyeon-kim-kafka-pocs.tar.gz
open-telemetry/weaver,open-telemetry-weaver.tar.gz
testifysec/archivista-data-provider,testifysec-archivista-data-provider.tar.gz
XgridInc/xc3,XgridInc-xc3.tar.gz
boostsecurityio/poutine,boostsecurityio-poutine.tar.gz
Azure/Azure-Landing-Zones-Library,Azure-Azure-Landing-Zones-Library.tar.gz
NorskHelsenett/ror,NorskHelsenett-ror.tar.gz
intelops/genval,intelops-genval.tar.gz
cert-manager/website,cert-manager-website.tar.gz
hmcts/cpp-module-terraform-azurerm-aks-config,hmcts-cpp-module-terraform-azurerm-aks-config.tar.gz
ministryofjustice/cloud-platform-environments,ministryofjustice-cloud-platform-environments.tar.gz
lowRISC/sonata-software,lowRISC-sonata-software.tar.gz
onosproject/onos-helm-charts,onosproject-onos-helm-charts.tar.gz
hashicorp/terraform-sentinel-policies,hashicorp-terraform-sentinel-policies.tar.gz
cloudposse/terraform-spacelift-cloud-infrastructure-automation,cloudposse-terraform-spacelift-cloud-infrastructure-automation.tar.gz
BigKAA/youtube,BigKAA-youtube.tar.gz
nirmata/kyverno-policies,nirmata-kyverno-policies.tar.gz
lenaxia/home-ops-prod,lenaxia-home-ops-prod.tar.gz
elastic/cloudbeat,elastic-cloudbeat.tar.gz
intel/policy-library-intel-aws,intel-policy-library-intel-aws.tar.gz
kyverno/kyverno-json,kyverno-kyverno-json.tar.gz
veraison/services,veraison-services.tar.gz
mrwulf/home-cluster,mrwulf-home-cluster.tar.gz
jamasten/Azure,jamasten-Azure.tar.gz
openshift/sandboxed-containers-operator,openshift-sandboxed-containers-operator.tar.gz
nathanmcnulty/nathanmcnulty,nathanmcnulty-nathanmcnulty.tar.gz
NewbMiao/opa-koans,NewbMiao-opa-koans.tar.gz
c0c0n3/kitt4sme.live,c0c0n3-kitt4sme.live.tar.gz
open-telemetry/semantic-conventions,open-telemetry-semantic-conventions.tar.gz
monkslc/hyperpolyglot,monkslc-hyperpolyglot.tar.gz
PipelineAI/pipeline,PipelineAI-pipeline.tar.gz
Azure/enterprise-azure-policy-as-code,Azure-enterprise-azure-policy-as-code.tar.gz
nirmata/kyverno-charts,nirmata-kyverno-charts.tar.gz
jpetazzo/container.training,jpetazzo-container.training.tar.gz
StatCan/gatekeeper-policies,StatCan-gatekeeper-policies.tar.gz
snoopy82481/home_cluster,snoopy82481-home_cluster.tar.gz
controlplaneio/simulator,controlplaneio-simulator.tar.gz
aws/aws-eks-best-practices,aws-aws-eks-best-practices.tar.gz
chaijunkin/home-ops,chaijunkin-home-ops.tar.gz
teutonet/teutonet-helm-charts,teutonet-teutonet-helm-charts.tar.gz
MAIF/wasmo,MAIF-wasmo.tar.gz
dotfilesh/ops,dotfilesh-ops.tar.gz
abuxton/tfx-vmp,abuxton-tfx-vmp.tar.gz
n4vysh/n4vysh.dev,n4vysh-n4vysh.dev.tar.gz
elastic/csp-security-policies,elastic-csp-security-policies.tar.gz
rond-authz/rond,rond-authz-rond.tar.gz
GoogleCloudPlatform/professional-services,GoogleCloudPlatform-professional-services.tar.gz
apheon-terra/01_k3s_ops,apheon-terra-01_k3s_ops.tar.gz
litmuschaos/litmus,litmuschaos-litmus.tar.gz
nirmata/kyverno-aws-adapter,nirmata-kyverno-aws-adapter.tar.gz
rootsongjc/cloud-native-library,rootsongjc-cloud-native-library.tar.gz
lsst-it/k8s-cookbook,lsst-it-k8s-cookbook.tar.gz
hongbo-miao/hongbomiao.com,hongbo-miao-hongbomiao.com.tar.gz
UNINETTSigma2/helm-charts,UNINETTSigma2-helm-charts.tar.gz
Azure/AzureDefender-K8S-InClusterDefense,Azure-AzureDefender-K8S-InClusterDefense.tar.gz
Devopsmcpatral/Devops,Devopsmcpatral-Devops.tar.gz
harness/developer-hub,harness-developer-hub.tar.gz
Cross-Lab-Project/crosslab,Cross-Lab-Project-crosslab.tar.gz
project-sunbird/sunbird-ed-installer,project-sunbird-sunbird-ed-installer.tar.gz
AlexRogalskiy/android-patterns,AlexRogalskiy-android-patterns.tar.gz
pauldotyu/azure-platform-terraform,pauldotyu-azure-platform-terraform.tar.gz
terraform-in-action/manning-code,terraform-in-action-manning-code.tar.gz
stackabletech/hdfs-utils,stackabletech-hdfs-utils.tar.gz
sapcc/helm-charts,sapcc-helm-charts.tar.gz
GoogleCloudPlatform/gcp-getting-started-lab-jp,GoogleCloudPlatform-gcp-getting-started-lab-jp.tar.gz
star3am/hashiqube,star3am-hashiqube.tar.gz
HC-IPPM/devsecops-platform,HC-IPPM-devsecops-platform.tar.gz
Azure/ai-hub,Azure-ai-hub.tar.gz
Sunbird-Lern/userorg-service,Sunbird-Lern-userorg-service.tar.gz
Obmondo/kubeaid,Obmondo-kubeaid.tar.gz
Azure/ARO-RP,Azure-ARO-RP.tar.gz
bestchains/installer,bestchains-installer.tar.gz
StyraInc/regal,StyraInc-regal.tar.gz
AlexRogalskiy/quotes,AlexRogalskiy-quotes.tar.gz
erkules/dufluxdu,erkules-dufluxdu.tar.gz
Apersant1/Spottier,Apersant1-Spottier.tar.gz
netscaler/netscaler-k8s-ingress-controller,netscaler-netscaler-k8s-ingress-controller.tar.gz
raffaelespazzoli/openshift-enablement-exam,raffaelespazzoli-openshift-enablement-exam.tar.gz
GoogleCloudPlatform/policy-library,GoogleCloudPlatform-policy-library.tar.gz
lfn-cnti/testsuite,lfn-cnti-testsuite.tar.gz
stacklet/shift-left-foundations-pack,stacklet-shift-left-foundations-pack.tar.gz
cloud-gov/compliance,cloud-gov-compliance.tar.gz
pulumi/customer-managed-deployment-agent,pulumi-customer-managed-deployment-agent.tar.gz
fybrik/fybrik,fybrik-fybrik.tar.gz
GoogleCloudPlatform/anthos-appconfig,GoogleCloudPlatform-anthos-appconfig.tar.gz
anza-labs/manifests,anza-labs-manifests.tar.gz
Cybersecurity-Certification-Hub/security-metrics,Cybersecurity-Certification-Hub-security-metrics.tar.gz
kyma-project/test-infra,kyma-project-test-infra.tar.gz
cisagov/ScubaGoggles,cisagov-ScubaGoggles.tar.gz
GoogleCloudPlatform/federated-learning,GoogleCloudPlatform-federated-learning.tar.gz
GoogleCloudPlatform/terraform-google-enterprise-genai,GoogleCloudPlatform-terraform-google-enterprise-genai.tar.gz
Geeks-Academy/terraform,Geeks-Academy-terraform.tar.gz
jouve/charts,jouve-charts.tar.gz
Azure/ALZ-Bicep,Azure-ALZ-Bicep.tar.gz
kubewarden/disallow-service-nodeport-policy,kubewarden-disallow-service-nodeport-policy.tar.gz
dipankardas011/Learn-Cloud-Native-Tools,dipankardas011-Learn-Cloud-Native-Tools.tar.gz
mathieu-benoit/ci-with-helm,mathieu-benoit-ci-with-helm.tar.gz
HummerRisk/HummerRisk,HummerRisk-HummerRisk.tar.gz
hashicorp/nomad-guides,hashicorp-nomad-guides.tar.gz
devspace-cloud/devspace-cloud,devspace-cloud-devspace-cloud.tar.gz
CiscoDevNet/sdwan-devops,CiscoDevNet-sdwan-devops.tar.gz
qbeyond/terraform-azurerm-archetype-lib,qbeyond-terraform-azurerm-archetype-lib.tar.gz
DaoCloud/dce-charts-repackage,DaoCloud-dce-charts-repackage.tar.gz
Nordix/metal3-clusterapi-docs,Nordix-metal3-clusterapi-docs.tar.gz
neilmfrench/homelab-prod,neilmfrench-homelab-prod.tar.gz
aquasecurity/postee,aquasecurity-postee.tar.gz
digicatapult/veritable-cloudagent,digicatapult-veritable-cloudagent.tar.gz
rallyhealth/conftest-policy-packs,rallyhealth-conftest-policy-packs.tar.gz
confluentinc/policy-library-confluent-terraform,confluentinc-policy-library-confluent-terraform.tar.gz
stylescube/Sam-s-Custodian,stylescube-Sam-s-Custodian.tar.gz
dettanym/prose,dettanym-prose.tar.gz
GSA/grace-cloudcustodian,GSA-grace-cloudcustodian.tar.gz
c0c0n3/teadal.proto,c0c0n3-teadal.proto.tar.gz
mitodl/ol-infrastructure,mitodl-ol-infrastructure.tar.gz
Parsifal-M/backstage-opa-plugins,Parsifal-M-backstage-opa-plugins.tar.gz
magda-io/magda,magda-io-magda.tar.gz
deployKF/deployKF,deployKF-deployKF.tar.gz
auricom/home-ops,auricom-home-ops.tar.gz
prancer-io/prancer-hello-world,prancer-io-prancer-hello-world.tar.gz
meshcloud/collie-hub,meshcloud-collie-hub.tar.gz
OpenMPDK/dss-minio,OpenMPDK-dss-minio.tar.gz
nuts-foundation/nuts-workshops,nuts-foundation-nuts-workshops.tar.gz
DoD-Platform-One/Gatekeeper,DoD-Platform-One-Gatekeeper.tar.gz
pagopa/eng-azure-governance,pagopa-eng-azure-governance.tar.gz
Vikaspogu/openshift-multicluster,Vikaspogu-openshift-multicluster.tar.gz
anderseknert/opal,anderseknert-opal.tar.gz
chen-keinan/mesh-kridik,chen-keinan-mesh-kridik.tar.gz
alibaba/SREWorks,alibaba-SREWorks.tar.gz
microsoft/fabric-toolbox,microsoft-fabric-toolbox.tar.gz
dmwm/CMSKubernetes,dmwm-CMSKubernetes.tar.gz
aws-cloudformation/rain,aws-cloudformation-rain.tar.gz
Azure/terraform-azurerm-caf-enterprise-scale,Azure-terraform-azurerm-caf-enterprise-scale.tar.gz
defenseunicorns/lula,defenseunicorns-lula.tar.gz
adhar-io/adhar,adhar-io-adhar.tar.gz
solo-io/hoot,solo-io-hoot.tar.gz
prefapp/daggerverse,prefapp-daggerverse.tar.gz
open-policy-agent/frameworks,open-policy-agent-frameworks.tar.gz
jostrm/azure-enterprise-scale-ml,jostrm-azure-enterprise-scale-ml.tar.gz
NovaMachina/home-ops,NovaMachina-home-ops.tar.gz
CHERIoT-Platform/network-stack,CHERIoT-Platform-network-stack.tar.gz
PacktPublishing/Kubernetes-An-Enterprise-Guide-Third-Edition,PacktPublishing-Kubernetes-An-Enterprise-Guide-Third-Edition.tar.gz
intelops/policyhub,intelops-policyhub.tar.gz
AlexRogalskiy/charts,AlexRogalskiy-charts.tar.gz
cbc02009/k8s-home-ops,cbc02009-k8s-home-ops.tar.gz
Azure/azure-policy,Azure-azure-policy.tar.gz
SocialGouv/infra-apps,SocialGouv-infra-apps.tar.gz
DoD-Platform-One/Kyverno-Policies,DoD-Platform-One-Kyverno-Policies.tar.gz
AlexRogalskiy/screenshots,AlexRogalskiy-screenshots.tar.gz
gucio1200/home-infra,gucio1200-home-infra.tar.gz
aws/aws-cdk,aws-aws-cdk.tar.gz
GoogleCloudPlatform/solution-acceleration-toolkit,GoogleCloudPlatform-solution-acceleration-toolkit.tar.gz
aquasecurity/avd-generator,aquasecurity-avd-generator.tar.gz
armory/se-spinnaker-config,armory-se-spinnaker-config.tar.gz
kubewarden/raw-validation-opa-policy,kubewarden-raw-validation-opa-policy.tar.gz
TkPegatron/homelab-k8sflux,TkPegatron-homelab-k8sflux.tar.gz
Snowflake-Labs/sansshell,Snowflake-Labs-sansshell.tar.gz
odahu/odahu-flow,odahu-odahu-flow.tar.gz
budimanjojo/home-cluster,budimanjojo-home-cluster.tar.gz
daluca/cloud,daluca-cloud.tar.gz
Bearer/bearer,Bearer-bearer.tar.gz
koralium/OPADotNet,koralium-OPADotNet.tar.gz
CharbelNemnom/Power-MVP-Elite,CharbelNemnom-Power-MVP-Elite.tar.gz
educates/educates-training-platform,educates-educates-training-platform.tar.gz
FalkWinkler/k3s-gitops,FalkWinkler-k3s-gitops.tar.gz
opendatahub-io-contrib/data-mesh-pattern,opendatahub-io-contrib-data-mesh-pattern.tar.gz
Legit-Labs/legitify,Legit-Labs-legitify.tar.gz
samip5/k8s-cluster,samip5-k8s-cluster.tar.gz
data-catering/insta-infra,data-catering-insta-infra.tar.gz
valitydev/bouncer-policies,valitydev-bouncer-policies.tar.gz
premisedata/gcp-tutorials,premisedata-gcp-tutorials.tar.gz
tkestack/charts,tkestack-charts.tar.gz
ardanlabs/liarsdice,ardanlabs-liarsdice.tar.gz
nexodus-io/nexodus,nexodus-io-nexodus.tar.gz
jsa4000/homelab-ops,jsa4000-homelab-ops.tar.gz
tyconsulting/azurepolicy,tyconsulting-azurepolicy.tar.gz
labring-actions/cluster-image,labring-actions-cluster-image.tar.gz
ollionorg/gcp-landing-zone,ollionorg-gcp-landing-zone.tar.gz
azsk/AzTS-docs,azsk-AzTS-docs.tar.gz
rancher/partner-charts,rancher-partner-charts.tar.gz
linkedin/openhouse,linkedin-openhouse.tar.gz
par-tec/super-sast,par-tec-super-sast.tar.gz
soulwhisper/homelab-ops,soulwhisper-homelab-ops.tar.gz
cert-manager/cert-manager,cert-manager-cert-manager.tar.gz
kubernetes/k8s.io,kubernetes-k8s.io.tar.gz
Azure/aks-app-routing-operator,Azure-aks-app-routing-operator.tar.gz
project-sunbird/sunbird-devops,project-sunbird-sunbird-devops.tar.gz
tuxpeople/k8s-homelab,tuxpeople-k8s-homelab.tar.gz
GoogleCloudPlatform/terraform-google-secured-data-warehouse,GoogleCloudPlatform-terraform-google-secured-data-warehouse.tar.gz
crossplane/tbs,crossplane-tbs.tar.gz
SebastiaanPasterkamp/dndmachine,SebastiaanPasterkamp-dndmachine.tar.gz
awslabs/idf-modules,awslabs-idf-modules.tar.gz
blaqvikin/Powershell-In-The-Making,blaqvikin-Powershell-In-The-Making.tar.gz
killer-sh/cks-course-environment,killer-sh-cks-course-environment.tar.gz
kube-tarian/helmrepo-supporting-tools,kube-tarian-helmrepo-supporting-tools.tar.gz
JamesWoolfenden/terraform-aws-activemq,JamesWoolfenden-terraform-aws-activemq.tar.gz
artifacthub/hub,artifacthub-hub.tar.gz
spiffe/spire,spiffe-spire.tar.gz
azurenoops/ref-scca-enclave-policy-starter,azurenoops-ref-scca-enclave-policy-starter.tar.gz
BrunoReboul/terraform-google-realtime-asset-monitor,BrunoReboul-terraform-google-realtime-asset-monitor.tar.gz
Azure/Community-Policy,Azure-Community-Policy.tar.gz
lakekeeper/lakekeeper,lakekeeper-lakekeeper.tar.gz
nonfx/starchitect-cloudguard,nonfx-starchitect-cloudguard.tar.gz
ollionorg/cloud-custodian-aws-policies,ollionorg-cloud-custodian-aws-policies.tar.gz
meshery/meshery,meshery-meshery.tar.gz
konflux-ci/konflux-ci,konflux-ci-konflux-ci.tar.gz
andrewkrug/securing-the-cloud-supplemental,andrewkrug-securing-the-cloud-supplemental.tar.gz
noobient/noobuntu,noobient-noobuntu.tar.gz
atea/tc24-infraops,atea-tc24-infraops.tar.gz
fybrik/hello-world-read-module,fybrik-hello-world-read-module.tar.gz
devantler-tech/platform,devantler-tech-platform.tar.gz
Checkmarx/kics,Checkmarx-kics.tar.gz
aws-ia/terraform-aws-eks-blueprints,aws-ia-terraform-aws-eks-blueprints.tar.gz
FlorisFeddema/homelab,FlorisFeddema-homelab.tar.gz
helderpinto/AzureUpdateManagerTools,helderpinto-AzureUpdateManagerTools.tar.gz
YunosukeY/policy-for-pss,YunosukeY-policy-for-pss.tar.gz
clouditor/clouditor,clouditor-clouditor.tar.gz
RafaySystems/getstarted,RafaySystems-getstarted.tar.gz
jfroy/flatops,jfroy-flatops.tar.gz
GersonRS/modern-gitops-stack-module-metallb,GersonRS-modern-gitops-stack-module-metallb.tar.gz
aquasecurity/tracee-action,aquasecurity-tracee-action.tar.gz
joshuaspence/homelab,joshuaspence-homelab.tar.gz
autokitteh/autokitteh,autokitteh-autokitteh.tar.gz
DMTF/spdm-emu,DMTF-spdm-emu.tar.gz
DoD-Platform-One/gitlab-runner,DoD-Platform-One-gitlab-runner.tar.gz
HC-IPPM/safe-inputs,HC-IPPM-safe-inputs.tar.gz
factorhouse/kpow-local,factorhouse-kpow-local.tar.gz
likvid-bank/likvid-cloudfoundation,likvid-bank-likvid-cloudfoundation.tar.gz
external-secrets/external-secrets,external-secrets-external-secrets.tar.gz
jamelachahbar/AzureOptimizer,jamelachahbar-AzureOptimizer.tar.gz
