number,safe_repo,repo_name,archive,repo_id,technology,path
0,porter-dev/porter-archive,porter-dev/porter-archive,porter-dev-porter-archive.tar.gz,297436961.0,opa,internal/opa/policies/nginx/nginx_version.rego
1,suxess-it/kubrix,suxess-it/kubrix,suxess-it-kubriX.tar.gz,776138333.0,kyverno,platform-apps/charts/kyverno/templates/policy-add-label-velero.yaml
2,nulldriver/cf-cli-resource,nulldriver/cf-cli-resource,nulldriver-cf-cli-resource.tar.gz,84623051.0,opa,ci/trivy-ignore.rego
3,xenitab/gatekeeper-library,xenitab/gatekeeper-library,XenitAB-gatekeeper-library.tar.gz,284453143.0,opa,library/modifysets/remove-azure-node-spot-taints.yaml
4,c0c0n3/kitt4sme,c0c0n3/kitt4sme,c0c0n3-kitt4sme.tar.gz,340392094.0,opa,poc/deployment/manual/opa/rego/fiware/rsa-key-pair.rego
5,haraldkoch/kochhaus-home,haraldkoch/kochhaus-home,haraldkoch-kochhaus-home.tar.gz,373614328.0,kyverno,kubernetes/main/apps/kyverno/kyverno/policies/add-safe-to-evict.yaml
6,evry-ace/helm-charts,evry-ace/helm-charts,evry-ace-helm-charts.tar.gz,143923640.0,opa,policy/deny.rego
7,kuberise/kuberise.io,kuberise/kuberise.io,kuberise-kuberise.io.tar.gz,670271424.0,kyverno,values/onprem/platform/policy/add-labels.yaml
8,aquasecurity/chain-bench,aquasecurity/chain-bench,aquasecurity-chain-bench.tar.gz,491440930.0,opa,internal/checks/common/assets/utils.rego
9,trevorbox/service-mesh-patterns,trevorbox/service-mesh-patterns,trevorbox-service-mesh-patterns.tar.gz,272547438.0,opa,ossm-2.4/secure-ingressgateway/helm/gatekeeper-constraints/templates/k8srequiredannotations-require-sidecar-annotation.yaml
10,nightprogrammers/devops-research,nightprogrammers/devops-research,NightProgrammers-devops-research.tar.gz,483999776.0,kyverno,flux2/multi-tenants/infrastructure/kyverno-policies/verify-git-repositories.yaml
11,getupcloud/helm-charts,getupcloud/helm-charts,getupcloud-helm-charts.tar.gz,338201759.0,kyverno,charts-dev/kyverno-config/templates/namespaced-resource-limits-pods.yaml
12,azure/shieldguard,azure/shieldguard,Azure-ShieldGuard.tar.gz,563114348.0,opa,docs/manual/samples/001-get-started/policy/001-app-name-required.rego
13,azure/aca-landing-zone-accelerator,azure/aca-landing-zone-accelerator,Azure-aca-landing-zone-accelerator.tar.gz,528897768.0,azure,scenarios/aca-internal/bicep/modules/02-spoke/modules/policy/policy-definitions/aca-no-monitoring.json
14,kubebb/components,kubebb/components,kubebb-components.tar.gz,649660306.0,kyverno,charts/cluster-component/charts/openebs/templates/kyverno/require-user-groups.yaml
15,cisagov/scubagear,cisagov/scubagear,cisagov-ScubaGear.tar.gz,516451110.0,opa,PowerShell/ScubaGear/Testing/Unit/Rego/PowerPlatform/PowerPlatformBaseConfig.rego
16,sighupio/container-signature-enforcer,sighupio/container-signature-enforcer,sighupio-container-signature-enforcer.tar.gz,263376335.0,opa,deployments/helm/opa-notary-connector/opa-config/minio.rego
17,azure/avdaccelerator,azure/avdaccelerator,Azure-avdaccelerator.tar.gz,447256665.0,azure,workload/policies/zeroTrust/policyDefinitions/policy-definition-es-vm-disk-zero-trust.json
18,pluralsh/bootstrap,pluralsh/bootstrap,pluralsh-bootstrap.tar.gz,735437748.0,opa,resources/policy/bundles/pss-baseline-v2022/host-namespaces-hostnetwork.yaml
19,samyuan1990/probe,samyuan1990/probe,SamYuan1990-Probe.tar.gz,304006367.0,opa,andLogic.rego
20,holaplex/hub-permissions,holaplex/hub-permissions,holaplex-hub-permissions.tar.gz,599965302.0,opa,policies/graphql/lib.rego
21,clayrisser/charts,clayrisser/charts,clayrisser-charts.tar.gz,148073701.0,kyverno,beta/penpot/templates/patches/enable-istio.yaml
22,nais/aivenator,nais/aivenator,nais-aivenator.tar.gz,362436080.0,kyverno,charts/aivenator/templates/clusterpolicy.yaml
23,gepaplexx/gp-helm-chart-development,gepaplexx/gp-helm-chart-development,gepaplexx-gp-helm-chart-development.tar.gz,436902976.0,kyverno,bke-development/gp-cicd-tools/templates/workflows/archive-objectstorage.yaml
24,kondukto-io/kntrl,kondukto-io/kntrl,kondukto-io-kntrl.tar.gz,744719396.0,opa,bundle/kntrl/custom/custom.rego
25,concourse/ci,concourse/ci,concourse-ci.tar.gz,188876851.0,opa,trivy-ignore/6.7-image.rego
26,tenable/terrascan,tenable/terrascan,tenable-terrascan.tar.gz,103084166.0,opa,pkg/policies/opa/rego/aws/aws_vpc/defaultVpcExist.rego
27,binxio/aws-cfn-update,binxio/aws-cfn-update,binxio-aws-cfn-update.tar.gz,130357332.0,cloudformation-guard,samples/config-rule-inline-code/dynamodb-pitr-enabled.guard
28,hashicorp-services/enablement-terraform-lab-modules,hashicorp-services/enablement-terraform-lab-modules,hashicorp-services-enablement-terraform-lab-modules.tar.gz,589152875.0,hashicorp-sentinel,lab-tfc-sentinel-policy/restrict-aws-instances-type.sentinel
29,oracle-devrel/cd3-automation-toolkit,oracle-devrel/cd3-automation-toolkit,oracle-devrel-cd3-automation-toolkit.tar.gz,549077250.0,opa,cd3_automation_toolkit/user-scripts/OPA/Logging_Monitoring/default_tags_check.rego
30,alexrogalskiy/javascript-patterns,alexrogalskiy/javascript-patterns,AlexRogalskiy-javascript-patterns.tar.gz,334891976.0,opa,policy/kubernetes.rego
31,open-policy-agent/gatekeeper,open-policy-agent/gatekeeper,open-policy-agent-gatekeeper.tar.gz,154894457.0,opa,demo/mutation/assignimagedemo.yaml
32,sudoersllc/opsbox-rego,sudoersllc/opsbox-rego,sudoersllc-opsbox-rego.tar.gz,898021546.0,opa,aws_rego/iam_checks/mfa_enabled/mfa_enabled.rego
33,ismailbay/k8s-dev-stack,ismailbay/k8s-dev-stack,ismailbay-k8s-dev-stack.tar.gz,723730906.0,kyverno,kubernetes/apps/kyverno/kyverno/policies/remove-cpu-limits.yaml
34,buvis/clusters,buvis/clusters,buvis-clusters.tar.gz,449041324.0,kyverno,cluster-home/operations/kube-tools/kyverno/policies/remove-cpu-limits.yaml
35,ryan-mcd/gitops-home-cluster,ryan-mcd/gitops-home-cluster,ryan-mcd-gitops-home-cluster.tar.gz,389478954.0,kyverno,cluster/apps/kyverno/policies/add-ndots.yaml
36,redhat-cop/gitops-catalog,redhat-cop/gitops-catalog,redhat-cop-gitops-catalog.tar.gz,250591307.0,kyverno,kyverno/overlays/sample-policies/disallow-anyuid-scc-policy.yaml
37,open-cluster-management-io/policy-collection,open-cluster-management-io/policy-collection,open-cluster-management-io-policy-collection.tar.gz,273075407.0,kyverno,policygenerator/kustomize/policy3_kyverno/kyverno.yaml
38,ministryofjustice/modernisation-platform-environments,ministryofjustice/modernisation-platform-environments,ministryofjustice-modernisation-platform-environments.tar.gz,359745886.0,opa,policies/terraform/deny.rego
39,azure/bicep-registry-modules,azure/bicep-registry-modules,Azure-bicep-registry-modules.tar.gz,447791597.0,azure,avm/ptn/aca-lza/hosting-environment/modules/policy/policy-definitions/aca-no-monitoring.json
40,davidclin/cloudcustodian-policies,davidclin/cloudcustodian-policies,davidclin-cloudcustodian-policies.tar.gz,129438014.0,cloud-custodian,policies/vpn.yml
41,debate-map/app,debate-map/app,debate-map-app.tar.gz,84543105.0,kyverno,Packages/deploy/Kyverno/ProtectCertManagerServices.yaml
42,replicatedhq/kurl,replicatedhq/kurl,replicatedhq-kURL.tar.gz,198898598.0,opa,addons/weave/2.6.5/build-images/weave-npc/.trivyignore.rego
43,beryju/k8s,beryju/k8s,BeryJu-k8s.tar.gz,347929503.0,kyverno,common-backup/kyverno/snapshot-cronjob-controller.yaml
44,konflux-ci/konflux-test,konflux-ci/konflux-test,konflux-ci-konflux-test.tar.gz,470130303.0,opa,policies/image/optional-labels.rego
45,azure/azuremonitorstarterpacks,azure/azuremonitorstarterpacks,Azure-AzureMonitorStarterPacks.tar.gz,664310472.0,azure,misc/packs/OpenAI/monitoring.json
46,vinod827/cloudkit-lab,vinod827/cloudkit-lab,vinod827-cloudkit-lab.tar.gz,327316280.0,kyverno,iac/demo/kyverno/2.1-kyverno-clusterpolicy-mutate-label.yml
47,alexrogalskiy/wotd,alexrogalskiy/wotd,AlexRogalskiy-wotd.tar.gz,341210722.0,opa,policy/deny.rego
48,cray-hpe/cray-opa-gatekeeper,cray-hpe/cray-opa-gatekeeper,Cray-HPE-cray-opa-gatekeeper.tar.gz,365248408.0,opa,charts/gatekeeper-policy-library/regos/host-namespaces/host-namespaces.src.rego
49,open-policy-agent/library,open-policy-agent/library,open-policy-agent-library.tar.gz,101445529.0,opa,docker/host_mounts.rego
50,kubesphere/kubesphere,kubesphere/kubesphere,kubesphere-kubesphere.tar.gz,130430977.0,opa,config/ks-core/files/extensions.customresourcefilters.rego
51,dlcowen/sansfor509,dlcowen/sansfor509,dlcowen-sansfor509.tar.gz,363507468.0,azure,Azure/PolicyStorageToEventHub.json
52,axeii/home-ops,axeii/home-ops,axeII-home-ops.tar.gz,383553362.0,kyverno,kubernetes/apps/kyverno/kyverno/policies/ingress.yaml
53,hashicorp/terraform-guides,hashicorp/terraform-guides,hashicorp-terraform-guides.tar.gz,110382488.0,hashicorp-sentinel,operations/automation-script/restrict-name-variable.sentinel
54,networkservicemesh/sdk,networkservicemesh/sdk,networkservicemesh-sdk.tar.gz,233907159.0,opa,pkg/tools/opa/sample_policies/custom_policy.rego
55,googlecloudplatform/blueprints,googlecloudplatform/blueprints,GoogleCloudPlatform-blueprints.tar.gz,322410427.0,opa,catalog/hierarchy/simple/policies/naming-constraint.yaml
56,giantswarm/kyverno-app,giantswarm/kyverno-app,giantswarm-kyverno-app.tar.gz,349438815.0,kyverno,helm/kyverno/templates/core-policies/trivy-cluster-cleanup-policy.yaml
57,azurenoops/terraform-azurerm-overlays-policy,azurenoops/terraform-azurerm-overlays-policy,azurenoops-terraform-azurerm-overlays-policy.tar.gz,607776958.0,azure,modules/policyDefinition/custompolicies/definitions/network/deny_appgw_without_waf.json
58,wunderio/charts,wunderio/charts,wunderio-charts.tar.gz,146619803.0,kyverno,silta-cluster/docs/kyverno-policies/restrict-seccomp.yaml
59,marvinbuss/terraform-landingzones,marvinbuss/terraform-landingzones,marvinbuss-Terraform-LandingZones.tar.gz,614918903.0,azure,code/cafModule/lib/policy_definitions/policy_definition_storage_account_virtual_network_rules_restriction.json
60,dheerajodha/the-mentalist-quiz,dheerajodha/the-mentalist-quiz,dheerajodha-the-mentalist-quiz.tar.gz,824602382.0,opa,ec-policy/rules/verify_base_go_version.rego
61,aws-cloudformation/resource-schema-guard-rail,aws-cloudformation/resource-schema-guard-rail,aws-cloudformation-resource-schema-guard-rail.tar.gz,539651479.0,cloudformation-guard,src/rpdk/guard_rail/rule_library/core/schema-linter-core-arn-rules.guard
62,mailbadger/app,mailbadger/app,mailbadger-app.tar.gz,38979597.0,opa,opa/rbac_authz.rego
63,sap/infrabox,sap/infrabox,SAP-InfraBox.tar.gz,126344645.0,opa,src/openpolicyagent/policies/projects_commits.rego
64,alexrogalskiy/proverbs,alexrogalskiy/proverbs,AlexRogalskiy-proverbs.tar.gz,346359381.0,opa,policy/deny.rego
65,jameswoolfenden/terraform-aws-s3,jameswoolfenden/terraform-aws-s3,JamesWoolfenden-terraform-aws-s3.tar.gz,163082476.0,checkov,checkov/S3MFADelete.py
66,lenaxia/home-ops-dev,lenaxia/home-ops-dev,lenaxia-home-ops-dev.tar.gz,547648675.0,kyverno,cluster/staging/apps/kyverno/policies/apply-ingress-external-dns-annotations.yaml
67,controlplaneio-fluxcd/d1-fleet,controlplaneio-fluxcd/d1-fleet,controlplaneio-fluxcd-d1-fleet.tar.gz,759751721.0,kyverno,tenants/apps/policies/validate-sources.yaml
68,microageservicesorg/azure-lighthouse-deploymentautomation,microageservicesorg/azure-lighthouse-deploymentautomation,MicroAgeServicesOrg-Azure-Lighthouse-deploymentAutomation.tar.gz,591447265.0,azure,customPolicyDefinitions/customTagPolicy.json
69,pluralsh/plural-helm-charts,pluralsh/plural-helm-charts,pluralsh-plural-helm-charts.tar.gz,403698924.0,kyverno,charts/kyverno-policies/templates/default/disallow-adding-capabilities.yaml
70,courselabs/kubernetes,courselabs/kubernetes,courselabs-kubernetes.tar.gz,356316709.0,opa,labs/admission/specs/opa-gatekeeper/constraints/requiredLabels.yaml
71,ansible/ansible-policy,ansible/ansible-policy,ansible-ansible-policy.tar.gz,741470706.0,opa,ansible_policy/rego/utils.rego
72,jferrater/opa-data-filter-spring-boot-starter,jferrater/opa-data-filter-spring-boot-starter,jferrater-opa-data-filter-spring-boot-starter.tar.gz,241153419.0,opa,opa-datafilter-core/src/integrationTest/resources/petclinic.rego
73,sud1691/azure_repo,sud1691/azure_repo,Sud1691-azure_repo.tar.gz,804729222.0,azure,modules/policy/policies/deny_storage_sku.json
74,diwise/iot-device-mgmt,diwise/iot-device-mgmt,diwise-iot-device-mgmt.tar.gz,475952315.0,opa,assets/config/authz.rego
75,chrisns/k8s-opa-boilerplate,chrisns/k8s-opa-boilerplate,chrisns-k8s-opa-boilerplate.tar.gz,362535503.0,opa,simpleRegistryCheck.rego
76,google/gke-policy-automation,google/gke-policy-automation,google-gke-policy-automation.tar.gz,470366002.0,opa,gke-policies/rule/cluster/location.rego
77,tvories/k8s-gitops,tvories/k8s-gitops,tvories-k8s-gitops.tar.gz,379041316.0,kyverno,archive/cluster/apps/system/kyverno/policies/sync-zalando-postgres-secrets.yaml
78,shiblon/entroq,shiblon/entroq,shiblon-entroq.tar.gz,134464022.0,opa,pkg/authz/opadata/conf/core/core-entroq-authz.rego
79,kubesphere/helm-charts,kubesphere/helm-charts,kubesphere-helm-charts.tar.gz,170423708.0,opa,src/main/ks-core/files/extensions.customresourcefilters.rego
80,cloudposse/terraform-aws-components,cloudposse/terraform-aws-components,cloudposse-terraform-aws-components.tar.gz,131209713.0,opa,deprecated/spacelift/rego-policies/access.default.rego
81,orange-opensource/optisam-backend,orange-opensource/optisam-backend,Orange-OpenSource-optisam-backend.tar.gz,226081740.0,opa,notification-service/cmd/server/rbac.rego
82,linode/apl-core,linode/apl-core,linode-apl-core.tar.gz,200118806.0,kyverno,charts/team-ns/templates/policies/other/required-label.yaml
83,open-policy-agent/gatekeeper-library,open-policy-agent/gatekeeper-library,open-policy-agent-gatekeeper-library.tar.gz,191437603.0,opa,mutation/pod-security-policy/read-only-root-filesystem/samples/mutation.yaml
84,intel/confidential-computing-zoo,intel/confidential-computing-zoo,intel-confidential-computing-zoo.tar.gz,431727603.0,opa,cczoo/horizontal_fl_coco/coco_tools/verdictd/opt/verdictd/opa/sgxPolicy.rego
85,securehats/securehacks,securehats/securehacks,SecureHats-SecureHacks.tar.gz,373569892.0,azure,policies/governance/RoleAssignments/azurepolicy.json
86,osnabrugge/home-ops,osnabrugge/home-ops,osnabrugge-home-ops.tar.gz,618226962.0,kyverno,kubernetes/apps/kyverno/kyverno/policies/volsync-movers.yaml
87,giantswarm/kyverno-policies,giantswarm/kyverno-policies,giantswarm-kyverno-policies.tar.gz,349133158.0,kyverno,helm/kyverno-policies/templates/supplemental/disallow-gitrepo-volume.yaml
88,azure/enterprise-scale,azure/enterprise-scale,Azure-Enterprise-Scale.tar.gz,264303818.0,azure,src/resources/Microsoft.Authorization/policyDefinitions/DenyAction-ActivityLogs.json
89,elastisys/compliantkubernetes-apps,elastisys/compliantkubernetes-apps,elastisys-compliantkubernetes-apps.tar.gz,308627472.0,opa,helmfile.d/charts/gatekeeper/podsecuritypolicies/templates/custom/read-only-root.yaml
90,suse-edge/charts,suse-edge/charts,suse-edge-charts.tar.gz,612955300.0,opa,charts/metallb/0.14.3/policy/speaker.rego
91,chef/automate,chef/automate,chef-automate.tar.gz,179318179.0,opa,components/authz-service/engine/opa/policy/common.rego
92,diamondlightsource/workflows,diamondlightsource/workflows,DiamondLightSource-workflows.tar.gz,765668416.0,kyverno,charts/sessionspaces/templates/pod-clusterpolicy.yaml
93,elastic/cloud-on-k8s,elastic/cloud-on-k8s,elastic-cloud-on-k8s.tar.gz,155368246.0,kyverno,hack/deployer/runner/kyverno/install/gke-policies.yaml
94,fahlke/flux-kind,fahlke/flux-kind,fahlke-flux-kind.tar.gz,520397827.0,kyverno,kyverno-policies/add-default-labels-to-all-namespaces.yaml
95,jimgbritt/azurepolicy,jimgbritt/azurepolicy,JimGBritt-AzurePolicy.tar.gz,176361514.0,azure,AzureMonitor/AzureDiags/AuditIfNotExists/Audit Diagnostic Setting - Event Hub.json
96,doitintl/kube-no-trouble,doitintl/kube-no-trouble,doitintl-kube-no-trouble.tar.gz,254161684.0,opa,pkg/rules/rego/deprecated-1-27.rego
97,omc-college/management-system,omc-college/management-system,omc-college-management-system.tar.gz,250765606.0,opa,pkg/rbac/opa/authorization.rego
98,hashicorp/observability-as-code,hashicorp/observability-as-code,hashicorp-observability-as-code.tar.gz,253794809.0,hashicorp-sentinel,datadog/policy/monitor.sentinel
99,bcgov/cloud-custodian-policies,bcgov/cloud-custodian-policies,bcgov-cloud-custodian-policies.tar.gz,332096163.0,cloud-custodian,policy/workload/ec2.yml
100,m9sweeper/m9sweeper,m9sweeper/m9sweeper,m9sweeper-m9sweeper.tar.gz,558915653.0,opa,dash/backend/src/gatekeeper-templates/general/containerlimits/samples/container-must-have-limits/constraint.yaml
101,confidential-containers/trustee,confidential-containers/trustee,confidential-containers-trustee.tar.gz,485367944.0,opa,kbs/sample_policies/deny_all.rego
102,chaitin/veinmind-tools,chaitin/veinmind-tools,chaitin-veinmind-tools.tar.gz,456840037.0,opa,plugins/go/veinmind-iac/rules/dockerfile/add_package.rego
103,workshoporgtest/tailspin-spacegame,workshoporgtest/tailspin-spacegame,WorkshopOrgTest-tailspin-spacegame.tar.gz,445033729.0,azure,policies/Web_Application_should_only_be_accessible_over_HTTPS_a4af4a39-4135-47fb-b175-47fbdf85311d/policy.json
104,portefaix/portefaix-policies,portefaix/portefaix-policies,portefaix-portefaix-policies.tar.gz,343191057.0,opa,opa/lib/konstraint/security.rego
105,operate-first/continuous-delivery,operate-first/continuous-delivery,operate-first-continuous-delivery.tar.gz,295382313.0,opa,policy/openshift.rego
106,ultra-supara/sisakulint,ultra-supara/sisakulint,ultra-supara-sisakulint.tar.gz,705494367.0,opa,script/actions/inherit.rego
107,nerddotdad/truecharts,nerddotdad/truecharts,nerddotdad-truecharts.tar.gz,841676742.0,kyverno,backups/core/kyverno-policies/app/schematic-to-pod.yaml
108,googlecloudplatform/gke-policy-library,googlecloudplatform/gke-policy-library,GoogleCloudPlatform-gke-policy-library.tar.gz,242189671.0,opa,anthos-bundles/nist-sp-800-190/block-secrets-of-type-basic-auth.yaml
109,embarkstudios/opa-policies,embarkstudios/opa-policies,EmbarkStudios-opa-policies.tar.gz,310227465.0,opa,policy/lib.rego
110,thoth-station/thoth-application,thoth-station/thoth-application,thoth-station-thoth-application.tar.gz,243238665.0,opa,policy/openshift.rego
111,vmware/dod-compliance-and-automation,vmware/dod-compliance-and-automation,vmware-dod-compliance-and-automation.tar.gz,228668958.0,opa,tkg/2.1.0/gatekeeper-policies/tkg/repo/constraint.yaml
112,hatim-khan/abbey-starter-kit-quickstart,hatim-khan/abbey-starter-kit-quickstart,hatim-khan-abbey-starter-kit-quickstart.tar.gz,673515086.0,opa,policies/common/common.rego
113,govuk-one-login/authentication-api,govuk-one-login/authentication-api,govuk-one-login-authentication-api.tar.gz,370683892.0,checkov-yaml,checkov-policies/log-retention.yaml
114,microsoft/genaiscript,microsoft/genaiscript,microsoft-genaiscript.tar.gz,679784368.0,azure,packages/sample/src/azure-lza/02-spoke/modules/policy/policy-definitions/aca-no-monitoring.json
115,controlplaneio/threat-modelling-labs,controlplaneio/threat-modelling-labs,controlplaneio-threat-modelling-labs.tar.gz,386234570.0,opa,lab4/local/source/policy/privileged/constraint.yaml
116,redhat-cop/rego-policies,redhat-cop/rego-policies,redhat-cop-rego-policies.tar.gz,262924542.0,opa,policy/lib/memory/src.rego
117,jameswoolfenden/terraform-gcp-storage,jameswoolfenden/terraform-gcp-storage,JamesWoolfenden-terraform-gcp-storage.tar.gz,216853879.0,checkov,checkov/BucketsNotPublic.py
118,grafana/mimir,grafana/mimir,grafana-mimir.tar.gz,385634291.0,opa,operations/policies/poddisruptionbudget.rego
119,bacalhau-project/bacalhau,bacalhau-project/bacalhau,bacalhau-project-bacalhau.tar.gz,424996787.0,opa,ops/marketplace-tf/modules/instance_files/authz_policy.rego
120,eclipse-symphony/symphony,eclipse-symphony/symphony,eclipse-symphony-symphony.tar.gz,738864606.0,opa,docs/samples/k8s/gatekeeper/policy.yaml
121,fairwindsops/charts,fairwindsops/charts,FairwindsOps-charts.tar.gz,165707159.0,opa,incubator/opa/policies/ingress-conflicts.rego
122,rwejlgaard/pez-k8s,rwejlgaard/pez-k8s,RWejlgaard-pez-k8s.tar.gz,576803165.0,kyverno,kyverno-custom-policies/default-pod-resources.yaml
123,googlecloudplatform/cloud-foundation-toolkit,googlecloudplatform/cloud-foundation-toolkit,GoogleCloudPlatform-cloud-foundation-toolkit.tar.gz,179173656.0,opa,reports/sample/vm.rego
124,nl-ams-locgov/zaakafhandelcomponent,nl-ams-locgov/zaakafhandelcomponent,NL-AMS-LOCGOV-zaakafhandelcomponent.tar.gz,416646145.0,opa,src/main/resources/policies/zaak-rechten.rego
125,orchestracities/anubis,orchestracities/anubis,orchestracities-anubis.tar.gz,333055661.0,opa,config/opa-service/rego/nop.rego
126,cvat-ai/cvat,cvat-ai/cvat,cvat-ai-cvat.tar.gz,139156354.0,opa,cvat/apps/quality_control/rules/quality_utils.rego
127,stackabletech/opa-operator,stackabletech/opa-operator,stackabletech-opa-operator.tar.gz,358257746.0,opa,rust/regorule-library/src/userinfo/v1.rego
128,artazar/flux2-general,artazar/flux2-general,artazar-flux2-general.tar.gz,538765376.0,kyverno,charts/security/default-kyverno-cluster-policies/templates/disable-automountserviceaccounttoken.yaml
129,cozystack/cozystack,cozystack/cozystack,cozystack-cozystack.tar.gz,721858229.0,opa,packages/system/metallb/charts/metallb/policy/speaker.rego
130,datadog/security-agent-policies,datadog/security-agent-policies,DataDog-security-agent-policies.tar.gz,283871532.0,opa,compliance/containers/cis-docker-1.2.0-2.5.rego
131,mxab/nacp,mxab/nacp,mxab-nacp.tar.gz,600415546.0,opa,misc/hashitalk_secure2024/digest/digest.rego
132,microsoft/hcsshim,microsoft/hcsshim,microsoft-hcsshim.tar.gz,38258831.0,opa,internal/regopolicyinterpreter/module.rego
133,houssemdellai/productsstoreonkubernetes,houssemdellai/productsstoreonkubernetes,HoussemDellai-ProductsStoreOnKubernetes.tar.gz,150493079.0,opa,opa-gatekeeper/all_ns_must_have_gatekeeper.yaml
134,kubewarden/unique-ingress-policy,kubewarden/unique-ingress-policy,kubewarden-unique-ingress-policy.tar.gz,713310475.0,opa,policy.rego
135,fybrik/charts,fybrik/charts,fybrik-charts.tar.gz,343231747.0,opa,charts/fybrik/files/opa-server/policy-lib/allow-by-default.rego
136,openshift-4-compliance/openshift-4-compliance-automation,openshift-4-compliance/openshift-4-compliance-automation,openshift-4-compliance-openshift-4-compliance-automation.tar.gz,347585116.0,opa,open-policy-agent/trusted-image-sources/disallowed-registries/constraint.yaml
137,ergho/homelab-ops,ergho/homelab-ops,ergho-homelab-ops.tar.gz,467248061.0,kyverno,cluster/apps/kyverno/kyverno/policies/volsync-movers.yaml
138,kaapana/kaapana,kaapana/kaapana,kaapana-kaapana.tar.gz,285529340.0,opa,services/kaapana-admin/auth-backend/auth-backend-chart/files/auth-policies.rego
139,scribe-public/gitgat,scribe-public/gitgat,scribe-public-gitgat.tar.gz,503625714.0,opa,github/token.rego
140,thedarthmole/upswake,thedarthmole/upswake,TheDarthMole-upswake.tar.gz,700580954.0,opa,rules/alwaysTrue.rego
141,aermie/devsecops,aermie/devsecops,AErmie-DevSecOps.tar.gz,341198103.0,azure,Infrastructure-Source-Code/AzureBicep-Examples/201/policy-definition-with-assignment/main.json
142,qlonik/musical-parakeet,qlonik/musical-parakeet,qlonik-musical-parakeet.tar.gz,563137602.0,kyverno,kubernetes/main/apps/kyverno/kyverno/policies/ingress-auth-annotations.yaml
143,ossf/alpha-omega,ossf/alpha-omega,ossf-alpha-omega.tar.gz,426394209.0,opa,omega/oaf/omega/assertion/policy/builtin/no_antivirus_findings.rego
144,replicatedhq/kots-lint,replicatedhq/kots-lint,replicatedhq-kots-lint.tar.gz,250063354.0,opa,pkg/kots/rego/builders-opa.rego
145,intel/policy-library-intel-azure,intel/policy-library-intel-azure,intel-policy-library-intel-azure.tar.gz,567901738.0,hashicorp-sentinel,policies/intel-azurerm-windows-web-app-enforce-http2/intel-azurerm-windows-web-app-enforce-http2.sentinel
146,packtpublishing/kubernetes---an-enterprise-guide-2e,packtpublishing/kubernetes---an-enterprise-guide-2e,PacktPublishing-Kubernetes---An-Enterprise-Guide-2E.tar.gz,385792956.0,opa,chapter8/defaultUser/yaml/addDefaultUser.yaml
147,portefaix/portefaix-hub,portefaix/portefaix-hub,portefaix-portefaix-hub.tar.gz,317845893.0,kyverno,charts/portefaix-kyverno/templates/policy-C0003.yaml
148,phylum-dev/policy,phylum-dev/policy,phylum-dev-policy.tar.gz,613628051.0,opa,minimal_code.rego
149,mxlint/mxlint-extension,mxlint/mxlint-extension,mxlint-mxlint-extension.tar.gz,843111304.0,opa,resources/App/policies/003_modules/003_0001_number_of_modules.rego
150,h3mmy/bloopysphere,h3mmy/bloopysphere,h3mmy-bloopySphere.tar.gz,421941726.0,kyverno,cluster/apps/kyverno/policies/add-prom-probes.yaml
151,circleci-public/circle-policy-agent,circleci-public/circle-policy-agent,CircleCI-Public-circle-policy-agent.tar.gz,506674544.0,opa,internal/helpers/rego/utils/utils.rego
152,kubewarden/rego-policies-library,kubewarden/rego-policies-library,kubewarden-rego-policies-library.tar.gz,902887748.0,opa,staging/KubernetesProhibitNakedPods/policy.rego
153,trosvald/home-ops,trosvald/home-ops,trosvald-home-ops.tar.gz,843308606.0,kyverno,kubernetes/infra/apps/kyverno/kyverno/policies/volsync-movers.yaml
154,teialabs/tauth,teialabs/tauth,TeiaLabs-tauth.tar.gz,681812491.0,opa,resources/policies/tauth_utils.rego
155,alexrogalskiy/kotlin-patterns,alexrogalskiy/kotlin-patterns,AlexRogalskiy-kotlin-patterns.tar.gz,321002290.0,opa,policy/kubernetes.rego
156,ratify-project/ratify,ratify-project/ratify,ratify-project-ratify.tar.gz,395717930.0,opa,library/notation-validation/template.yml
157,kubev2v/forklift,kubev2v/forklift,kubev2v-forklift.tar.gz,534160590.0,opa,validation/policies/io/konveyor/forklift/ovirt/debug.rego
158,cloudnativegbb/cluster-baseline,cloudnativegbb/cluster-baseline,CloudNativeGBB-cluster-baseline.tar.gz,234174778.0,opa,manifests/gatekeeper/policies/containerlimits/src.rego
159,kokoichi206/til,kokoichi206/til,kokoichi206-til.tar.gz,386217059.0,opa,books/anything/pac/main/main.rego
160,soluto/airbag,soluto/airbag,Soluto-airbag.tar.gz,120640711.0,opa,open-policy-agent/policy.rego
161,9elements/firmware-action,9elements/firmware-action,9elements-firmware-action.tar.gz,593563066.0,opa,.trivy_policy/policy/firmware_exception.rego
162,tyconsulting/blogposts,tyconsulting/blogposts,tyconsulting-BlogPosts.tar.gz,63512137.0,azure,Azure-Bicep/policy-definitions/general/pol-deny-resource-type.json
163,cds-snc/opa_checks,cds-snc/opa_checks,cds-snc-opa_checks.tar.gz,406104572.0,opa,aws_terraform/ssm_parameter_name_invalid.rego
164,prancer-io/prancer-compliance-test,prancer-io/prancer-compliance-test,prancer-io-prancer-compliance-test.tar.gz,264085623.0,opa,kubernetes/cloud/PR-K8S-0030.rego
165,nakamasato/kubernetes-training,nakamasato/kubernetes-training,nakamasato-kubernetes-training.tar.gz,260809063.0,opa,contents/open-policy-agent/gatekeeper/require-labels/k8srequiredlabels.yaml
166,tmobile/magtape,tmobile/magtape,tmobile-magtape.tar.gz,235880772.0,opa,policies/policy-singleton-pod-check.rego
167,jameswoolfenden/terraform-aws-cloudfront-s3,jameswoolfenden/terraform-aws-cloudfront-s3,JamesWoolfenden-terraform-aws-cloudfront-s3.tar.gz,196768263.0,checkov,checkov/WAFEnabled.py
168,secmon-lab/alertchain,secmon-lab/alertchain,secmon-lab-alertchain.tar.gz,385270439.0,opa,pkg/usecase/templates/policy/authz/http.rego
169,enterprise-contract/ec-policies,enterprise-contract/ec-policies,enterprise-contract-ec-policies.tar.gz,476408089.0,opa,policy/release/collection/redhat_rpms/redhat_rpms.rego
170,jameswoolfenden/terraform-aws-ecr,jameswoolfenden/terraform-aws-ecr,JamesWoolfenden-terraform-aws-ecr.tar.gz,164227247.0,checkov,checkov/ECRImmutableTags.py
171,ministryofjustice/analytical-platform,ministryofjustice/analytical-platform,ministryofjustice-analytical-platform.tar.gz,564809052.0,kyverno,terraform/aws/analytical-platform-data-production/airflow/files/kyverno_policies/kyv.privilege_escalation.yaml
172,kyverno/policies,kyverno/policies,kyverno-policies.tar.gz,317986632.0,kyverno,kubevirt/enforce-instancetype/enforce-instancetype.yaml
173,osinfra-io/datadog-organization-management,osinfra-io/datadog-organization-management,osinfra-io-datadog-organization-management.tar.gz,800239557.0,opa,opa/labels/labels.rego
174,fybrik/airbyte-module,fybrik/airbyte-module,fybrik-airbyte-module.tar.gz,471479644.0,opa,fybrik/sample-policy.rego
175,open-policy-agent/contrib,open-policy-agent/contrib,open-policy-agent-contrib.tar.gz,89408036.0,opa,cloud-foundry/polices/pshelpers/compare_numbers.rego
176,aws-cloudformation/cloudformation-guard,aws-cloudformation/cloudformation-guard,aws-cloudformation-cloudformation-guard.tar.gz,271888852.0,cloudformation-guard,guard/resources/validate/comments.guard
177,ioggstream/python-course,ioggstream/python-course,ioggstream-python-course.tar.gz,16859689.0,opa,.dockerfile-security.rego
178,jjgadgets/biohazard,jjgadgets/biohazard,JJGadgets-Biohazard.tar.gz,480539981.0,kyverno,.archive/kube/deploy/core/kyverno/policies/cnp-within-ns.yaml
179,martin77s/azure,martin77s/azure,martin77s-Azure.tar.gz,189301782.0,azure,Policy/Audit SQLDB without ThreatProtection.json
180,bradmccoydev/tfval,bradmccoydev/tfval,bradmccoydev-tfval.tar.gz,419918230.0,opa,policies/opa-tags-policy.rego
181,erudinsky/azure-bicep-workshop,erudinsky/azure-bicep-workshop,erudinsky-Azure-Bicep-Workshop.tar.gz,479857395.0,azure,Labs/2-policies/policies/allowed_location.json
182,jdavid77/home-cluster,jdavid77/home-cluster,Jdavid77-home-cluster.tar.gz,562264143.0,kyverno,k8s/archive/utils/kyverno/policies/auth-annotations.yaml
183,spiffe/spire-tutorials,spiffe/spire-tutorials,spiffe-spire-tutorials.tar.gz,167443151.0,opa,k8s/envoy-jwt-opa/k8s/backend/config/opa-policy.rego
184,timebertt/kubernetes-controller-sharding,timebertt/kubernetes-controller-sharding,timebertt-kubernetes-controller-sharding.tar.gz,450856979.0,kyverno,webhosting-operator/config/policy/webhosting-operator-scheduling.yaml
185,open-policy-agent/opa,open-policy-agent/opa,open-policy-agent-opa.tar.gz,48714685.0,opa,build/policy/helpers.rego
186,cdklabs/cdk-validator-cfnguard,cdklabs/cdk-validator-cfnguard,cdklabs-cdk-validator-cfnguard.tar.gz,608128360.0,cloudformation-guard,rules/control-tower/cfn-guard/s3/ct-s3-pr-1.guard
187,wkspower/wks-platform,wkspower/wks-platform,wkspower-wks-platform.tar.gz,525300352.0,opa,opa/wks_policy_rules.rego
188,alexrogalskiy/scala-patterns,alexrogalskiy/scala-patterns,AlexRogalskiy-scala-patterns.tar.gz,321002373.0,opa,policy/kubernetes.rego
189,devops-adeel/terraform-vault-secrets-kv,devops-adeel/terraform-vault-secrets-kv,devops-adeel-terraform-vault-secrets-kv.tar.gz,343418806.0,hashicorp-sentinel,sentinel_policies/vault/aws/inline_iam_resources.sentinel
190,azure/onboardvminsights,azure/onboardvminsights,Azure-OnBoardVMInsights.tar.gz,140773086.0,azure,Policy/vmss/LogAnalytics_WorkspaceMismatch_VMSS_Audit.json
191,department-of-veterans-affairs/bip-archetypetest,department-of-veterans-affairs/bip-archetypetest,department-of-veterans-affairs-bip-archetypetest.tar.gz,681769382.0,opa,local-dev/openpolicyagent/policy/api_authz_jwt_token.rego
192,torstava/k3s-flux-homelab,torstava/k3s-flux-homelab,TorStava-k3s-flux-homelab.tar.gz,634330681.0,kyverno,kubernetes/apps/kube-tools/kyverno/policies/ingress-annotations.yaml
193,weaveworks/policy-library,weaveworks/policy-library,weaveworks-policy-library.tar.gz,525737008.0,opa,policies/RBACProhibitWatchOnSecrets/policy.rego
194,equinor/radix-platform,equinor/radix-platform,equinor-radix-platform.tar.gz,139951489.0,opa,azure-policy/constraintTemplates/MustRunAsNonRoot.yaml
195,thibaultserti/kubernetes,thibaultserti/kubernetes,thibaultserti-kubernetes.tar.gz,653602692.0,kyverno,kyverno/custom-policies/revisionHistoryLimit.yaml
196,thecasualcoder/dobby,thecasualcoder/dobby,thecasualcoder-dobby.tar.gz,169595193.0,opa,dockerfile-security.rego
197,usa-reddragon/home-cluster-flux,usa-reddragon/home-cluster-flux,USA-RedDragon-home-cluster-flux.tar.gz,675759099.0,kyverno,infrastructure/kyverno/policies/add-imagepullsecrets.yaml
198,canada-ca/cloud-guardrails-gcp,canada-ca/cloud-guardrails-gcp,canada-ca-cloud-guardrails-gcp.tar.gz,322391001.0,opa,guardrails-validation/policies/09_Limit_egress_traffic/09_Limit_egress_traffic.rego
199,globalbao/azure-policy-as-code,globalbao/azure-policy-as-code,globalbao-azure-policy-as-code.tar.gz,344983232.0,azure,Bicep/modules/definitions/custom/inherit_all_rg_tags.json
200,ministryofjustice/modernisation-platform,ministryofjustice/modernisation-platform,ministryofjustice-modernisation-platform.tar.gz,285297257.0,opa,policies/member/utilities.rego
201,spacelift-io/terraform-starter,spacelift-io/terraform-starter,spacelift-io-terraform-starter.tar.gz,307408985.0,opa,policies/login.rego
202,hashicorp-education/learn-terraform-enforce-policies,hashicorp-education/learn-terraform-enforce-policies,hashicorp-education-learn-terraform-enforce-policies.tar.gz,261315075.0,hashicorp-sentinel,allowed-terraform-version.sentinel
203,sangkeon/java-opa-wasm,sangkeon/java-opa-wasm,sangkeon-java-opa-wasm.tar.gz,353066403.0,opa,sample-policy/src/policy.rego
204,hmcts/azure-policy,hmcts/azure-policy,hmcts-azure-policy.tar.gz,368456992.0,azure,policies/allowed_ip_sku/policy.json
205,openinfradev/helm-charts,openinfradev/helm-charts,openinfradev-helm-charts.tar.gz,257862896.0,opa,policy-resources/templates/constraint_k8sAllowedusersPerNamespaces.yaml
206,diamondlightsource/authz,diamondlightsource/authz,DiamondLightSource-authz.tar.gz,722963215.0,opa,policy/diamond/policy/proposal/proposal.rego
207,azure/bicep,azure/bicep,Azure-bicep.tar.gz,263503250.0,azure,src/Bicep.Core.Samples/Files/user_submitted/101/mg-policy/main.json
208,aquasecurity/starboard,aquasecurity/starboard,aquasecurity-starboard.tar.gz,247991727.0,opa,docs/tutorials/recommended_labels.rego
209,edgelesssys/uplosi,edgelesssys/uplosi,edgelesssys-uplosi.tar.gz,697660407.0,opa,config/validation.rego
210,fabianlee/blogcode,fabianlee/blogcode,fabianlee-blogcode.tar.gz,87131656.0,kyverno,k8s/kyverno/add-default-resources.yaml
211,tmaxbi/hyperdata,tmaxbi/hyperdata,tmaxbi-hyperdata.tar.gz,357423969.0,opa,install/onprem/metallb/metallb/policy/controller.rego
212,kube-components-stack/kustomization,kube-components-stack/kustomization,kube-components-stack-kustomization.tar.gz,499764654.0,kyverno,rendered-manifests/addons/namespaces/kyverno/base/additional-policies/always-pull-images.yaml
213,kata-containers/kata-containers,kata-containers/kata-containers,kata-containers-kata-containers.tar.gz,113404957.0,opa,src/kata-opa/allow-all.rego
214,toboshii/home-ops,toboshii/home-ops,toboshii-home-ops.tar.gz,366592227.0,kyverno,cluster/apps/kyverno/policies/delete-cpu-limits.yaml
215,gettek/terraform-azurerm-policy-as-code,gettek/terraform-azurerm-policy-as-code,gettek-terraform-azurerm-policy-as-code.tar.gz,326000526.0,azure,policies/Network/deny_nic_public_ip.json
216,a1994sc/helm,a1994sc/helm,a1994sc-helm.tar.gz,532432660.0,kyverno,charts/kyverno-policies/templates/policies.yml
217,back-stack/showcase,back-stack/showcase,back-stack-showcase.tar.gz,725736049.0,kyverno,kyverno/policies/pod-security/restrict-privileged-port.yaml
218,loft-sh/jspolicy,loft-sh/jspolicy,loft-sh-jspolicy.tar.gz,363779064.0,jspolicy,library/general/allowedrepos/policy.yaml
219,azure/microsoft-defender-for-cloud,azure/microsoft-defender-for-cloud,Azure-Microsoft-Defender-for-Cloud.tar.gz,184655500.0,azure,Remediation scripts/Provision an Azure AD Administrator on SQL Server/Azure Policy - deny/azuredeploy.json
220,datreeio/crds-catalog,datreeio/crds-catalog,datreeio-CRDs-catalog.tar.gz,464859166.0,opa,index.yaml
221,verticalrelevance/control-broker,verticalrelevance/control-broker,VerticalRelevance-control-broker.tar.gz,454930813.0,opa,supplementary_files/pac_frameworks/OPA/CrossCloud/cross_cloud_demo.rego
222,yvosonthehub/labnetapp,yvosonthehub/labnetapp,YvosOnTheHub-LabNetApp.tar.gz,158808777.0,kyverno,Kubernetes_v6/Trident_Scenarios/Scenario25/cluster_policy2_pvc_validation.yaml
223,alexrogalskiy/spark-patterns,alexrogalskiy/spark-patterns,AlexRogalskiy-spark-patterns.tar.gz,323908907.0,opa,policy/kubernetes.rego
224,kubescape/regolibrary,kubescape/regolibrary,kubescape-regolibrary.tar.gz,401947582.0,opa,rules/ensure-https-loadbalancers-encrypted-with-tls-aws/filter.rego
225,kasmtech/workspaces-core-images,kasmtech/workspaces-core-images,kasmtech-workspaces-core-images.tar.gz,376955920.0,opa,ci-scripts/vulnerability-filter.rego
226,candig/candig-opa,candig/candig-opa,CanDIG-candig-opa.tar.gz,373250555.0,opa,permissions_engine/mask.rego
227,tparker00/home-ops,tparker00/home-ops,tparker00-home-ops.tar.gz,842052751.0,kyverno,kubernetes/apps/default/clusterpolicies/app/add-goldilocks-labels.yaml
228,azure/azure-network-security,azure/azure-network-security,Azure-Azure-Network-Security.tar.gz,215905001.0,azure,Azure Firewall/Policy - Azure Policy Definitions/Policy - Enforce Explicit Proxy Configuration for Firewall Policies/Azure Policy - Enforce Explicit Proxy Configuration for Firewall Policies.json
229,azure/azure-powershell,azure/azure-powershell,Azure-azure-powershell.tar.gz,23891194.0,azure,src/Resources/Resources.Test/StacksSubTemplate.json
230,enterprisedb/edb-terraform,enterprisedb/edb-terraform,EnterpriseDB-edb-terraform.tar.gz,520865462.0,cloud-custodian,actions/force-cleanup/policy_template.yml
231,googlecloudplatform/notebooks-blueprint-security,googlecloudplatform/notebooks-blueprint-security,GoogleCloudPlatform-notebooks-blueprint-security.tar.gz,299577715.0,opa,policies/constraints/compute_zone.yaml
232,khulnasoft-lab/starboard,khulnasoft-lab/starboard,khulnasoft-lab-starboard.tar.gz,679951574.0,opa,docs/tutorials/recommended_labels.rego
233,cmacrae/helm-charts,cmacrae/helm-charts,cmacrae-helm-charts.tar.gz,289668721.0,opa,charts/kove-deprecations/policies/get_default.rego
234,jtroberts83/cloud-custodian,jtroberts83/cloud-custodian,jtroberts83-Cloud-Custodian.tar.gz,95596976.0,cloud-custodian,Policies/ConsoleLogin.yaml
235,anokfireball/homelab-as-code,anokfireball/homelab-as-code,anokfireball-homelab-as-code.tar.gz,821732409.0,kyverno,flux/system/app-configs/cert-manager.yaml
236,krnese/azuredeploy,krnese/azuredeploy,krnese-AzureDeploy.tar.gz,43355516.0,azure,ARM/azPolicies/vmNamingConvention.json
237,azure/draft,azure/draft,Azure-draft.tar.gz,429509802.0,opa,pkg/safeguards/lib/manifests/v2.0.0/container-allowed-images/constraint.yaml
238,mpapenbr/iracelog-service-manager-go,mpapenbr/iracelog-service-manager-go,mpapenbr-iracelog-service-manager-go.tar.gz,603480881.0,opa,pkg/grpc/permission/policy.rego
239,azure/ausgovcaf-cloudsoe,azure/ausgovcaf-cloudsoe,Azure-ausgovcaf-cloudsoe.tar.gz,371314345.0,azure,policies/enable-vulnerability-assessment/policy.template.json
240,azure/canadapubsecalz,azure/canadapubsecalz,Azure-CanadaPubSecALZ.tar.gz,402766001.0,azure,policy/custom/definitions/policyset/templates/Tags-Audit-Missing-Tag-Resource/azurepolicy.json
241,boxp/arch,boxp/arch,boxp-arch.tar.gz,755165769.0,opa,policy/terraform/util.rego
242,fingerprintjs/fingerprint-pro-cloudfront-integration,fingerprintjs/fingerprint-pro-cloudfront-integration,fingerprintjs-fingerprint-pro-cloudfront-integration.tar.gz,521233050.0,cloudformation-guard,cloudformation/rules.guard
243,bridgecrewio/checkov,bridgecrewio/checkov,bridgecrewio-checkov.tar.gz,224386599.0,checkov,checkov/github/checks/require_linear_history.py
244,microsoft/docker-provider,microsoft/docker-provider,microsoft-Docker-Provider.tar.gz,54076950.0,azure,scripts/onboarding/aks/onboarding-using-azure-policy/azure-policy.json
245,dodas-ts/opa-bundles,dodas-ts/opa-bundles,DODAS-TS-opa-bundles.tar.gz,344411728.0,opa,PLANET/http/base/authz/default.rego
246,sighupio/module-policy,sighupio/module-policy,sighupio-module-policy.tar.gz,207518853.0,kyverno,katalog/kyverno/policies/collection/disallow-host-namespaces.yaml
247,carbonetes/brainiac,carbonetes/brainiac,carbonetes-brainiac.tar.gz,630321705.0,opa,internal/checker/docker/rules/user_for_container_created.rego
248,jr0dd/home-ops,jr0dd/home-ops,jr0dd-home-ops.tar.gz,391769041.0,kyverno,cluster/apps/kyverno/policies/delete-cpu-limits.yaml
249,azure/azure-monitor-baseline-alerts,azure/azure-monitor-baseline-alerts,Azure-azure-monitor-baseline-alerts.tar.gz,674724097.0,azure,services/RecoveryServices/vaults/templates/policy/BackupHealthMonitoring_aa56c6a8-87b3-4291-bdff-7996948c3155.json
250,jameswoolfenden/terraform-aws-dax,jameswoolfenden/terraform-aws-dax,JamesWoolfenden-terraform-aws-dax.tar.gz,250516587.0,checkov,checkov/DAXEncrypted.py
251,deckhouse/deckhouse,deckhouse/deckhouse,deckhouse-deckhouse.tar.gz,215783734.0,opa,ee/modules/015-admission-policy-engine/templates/trivy-provider/constraint.yaml
252,elastisys/compliantkubernetes-kubespray,elastisys/compliantkubernetes-kubespray,elastisys-compliantkubernetes-kubespray.tar.gz,317570501.0,opa,rook/helmfile.d/charts/podsecuritypolicies/templates/custom/read-only-root.yaml
253,litmuschaos/chaos-charts,litmuschaos/chaos-charts,litmuschaos-chaos-charts.tar.gz,201481561.0,kyverno,security/kyverno-policies/allow-capabilities-for-litmus-experiments-which-uses-runtime-api.yaml
254,azure/azure-blueprints,azure/azure-blueprints,Azure-azure-blueprints.tar.gz,155265625.0,azure,samples/old/Ignite2018/DeepDive02/SUB-TEMP-custom-policy-def.json
255,gnunn-gitops/cluster-config,gnunn-gitops/cluster-config,gnunn-gitops-cluster-config.tar.gz,289143626.0,kyverno,components/kyverno/overlays/policies/check-openshift-deprecated-apis.yaml
256,packtpublishing/kubernetes-and-docker-the-complete-guide,packtpublishing/kubernetes-and-docker-the-complete-guide,PacktPublishing-Kubernetes-and-Docker-The-Complete-Guide.tar.gz,257599209.0,opa,chapter11/parameter-opa-policy/rego/limitregistries.rego
257,googlecloudplatform/pubsec-declarative-toolkit,googlecloudplatform/pubsec-declarative-toolkit,GoogleCloudPlatform-pubsec-declarative-toolkit.tar.gz,365317857.0,opa,solutions/guardrails-policies/12-cloud-market-place/constraint.yaml
258,ishioni/homelab-ops,ishioni/homelab-ops,ishioni-homelab-ops.tar.gz,551654775.0,kyverno,kubernetes/apps/kyverno/kyverno/policies/ingress-cert-manager-annotation.yaml
259,portefaix/portefaix-kubernetes,portefaix/portefaix-kubernetes,portefaix-portefaix-kubernetes.tar.gz,308418167.0,kyverno,gitops/fluxcd/kubernetes/base/kyverno/portefaix/portefaix-policy-p0001.yaml
260,mchmarny/s3cme,mchmarny/s3cme,mchmarny-s3cme.tar.gz,588304121.0,kyverno,kyverno-policies/verify-slsa-provenance-keyless.yaml
261,askmeegs/build-a-platform-with-krm,askmeegs/build-a-platform-with-krm,askmeegs-build-a-platform-with-krm.tar.gz,335349883.0,opa,5-hosted-resources/bigquery/constraint.yaml
262,saltbo/zpan,saltbo/zpan,saltbo-zpan.tar.gz,211444856.0,opa,internal/app/usecase/authz/authz.rego
263,open-telemetry/weaver,open-telemetry/weaver,open-telemetry-weaver.tar.gz,754269214.0,opa,crates/weaver_checker/data/policies/invalid_policies.rego
264,testifysec/archivista-data-provider,testifysec/archivista-data-provider,testifysec-archivista-data-provider.tar.gz,661009696.0,opa,validation/archivista-data-provider-constraint-template.yaml
265,xgridinc/xc3,xgridinc/xc3,XgridInc-xc3.tar.gz,639498555.0,cloud-custodian,cloud_custodian_policies/iam-role.yml
266,boostsecurityio/poutine,boostsecurityio/poutine,boostsecurityio-poutine.tar.gz,784369027.0,opa,.poutine/config.rego
267,azure/azure-landing-zones-library,azure/azure-landing-zones-library,Azure-Azure-Landing-Zones-Library.tar.gz,764046303.0,azure,platform/alz/policy_definitions/Deny-Private-DNS-Zones.alz_policy_definition.json
268,norskhelsenett/ror,norskhelsenett/ror,NorskHelsenett-ror.tar.gz,705874642.0,kyverno,hacks/scripts/ror-cluster-initializer/policies/non-root.yaml
269,intelops/genval,intelops/genval,intelops-genval.tar.gz,690538834.0,opa,templates/defaultpolicies/rego/dockerfile_policies/deny_add/deny_add.rego
270,hmcts/cpp-module-terraform-azurerm-aks-config,hmcts/cpp-module-terraform-azurerm-aks-config,hmcts-cpp-module-terraform-azurerm-aks-config.tar.gz,556726104.0,opa,manifests/gatekeeper/constraint.yaml
271,ministryofjustice/cloud-platform-environments,ministryofjustice/cloud-platform-environments,ministryofjustice-cloud-platform-environments.tar.gz,135275788.0,opa,policy/utils.rego
272,lowrisc/sonata-software,lowrisc/sonata-software,lowRISC-sonata-software.tar.gz,803275793.0,opa,exercises/firmware_auditing/part_3/malloc_check.rego
273,onosproject/onos-helm-charts,onosproject/onos-helm-charts,onosproject-onos-helm-charts.tar.gz,227661730.0,opa,onos-umbrella/files/opa-rbac/devicesim-1.0.0.rego
274,hashicorp/terraform-sentinel-policies,hashicorp/terraform-sentinel-policies,hashicorp-terraform-sentinel-policies.tar.gz,452328733.0,hashicorp-sentinel,aws/restrict-db-instance-engines.sentinel
275,cloudposse/terraform-spacelift-cloud-infrastructure-automation,cloudposse/terraform-spacelift-cloud-infrastructure-automation,cloudposse-terraform-spacelift-cloud-infrastructure-automation.tar.gz,310365579.0,opa,catalog/policies/trigger.dependencies.rego
276,bigkaa/youtube,bigkaa/youtube,BigKAA-youtube.tar.gz,299611321.0,kyverno,kyverno/polices/02-hostpath.yaml
277,nirmata/kyverno-policies,nirmata/kyverno-policies,nirmata-kyverno-policies.tar.gz,433150271.0,kyverno,workload-security/restrict-secret-role-verbs/e2e/chainsaw-step-01-assert-1.yaml
278,lenaxia/home-ops-prod,lenaxia/home-ops-prod,lenaxia-home-ops-prod.tar.gz,547994422.0,kyverno,cluster/apps/kyverno/policies/apply-ingress-external-dns-annotations.yaml
279,elastic/cloudbeat,elastic/cloudbeat,elastic-cloudbeat.tar.gz,459119998.0,opa,security-policies/bundle/compliance/policy/azure/common.rego
280,intel/policy-library-intel-aws,intel/policy-library-intel-aws,intel-policy-library-intel-aws.tar.gz,567901744.0,hashicorp-sentinel,policies/intel-aws-instance-deny-unapproved-instance-types/intel-aws-instance-deny-unapproved-instance-types.sentinel
281,kyverno/kyverno-json,kyverno/kyverno-json,kyverno-kyverno-json.tar.gz,697487579.0,kyverno,catalog/ecs/ecs-service-public-ip.yaml
282,veraison/services,veraison/services,veraison-services.tar.gz,516390850.0,opa,policy/opa.rego
283,mrwulf/home-cluster,mrwulf/home-cluster,mrwulf-home-cluster.tar.gz,534835012.0,kyverno,cluster/apps/system/kyverno/policies/remove-cpu-limit.yaml
284,jamasten/azure,jamasten/azure,jamasten-Azure.tar.gz,252729359.0,azure,utilities/policies/networking/restrictSubnet/policy.json
285,openshift/sandboxed-containers-operator,openshift/sandboxed-containers-operator,openshift-sandboxed-containers-operator.tar.gz,286818960.0,opa,config/peerpods/podvm/agent-policy/coco-policy.rego
286,nathanmcnulty/nathanmcnulty,nathanmcnulty/nathanmcnulty,nathanmcnulty-nathanmcnulty.tar.gz,278484970.0,azure,Azure/Policy/EnableDefenderForServersPlan1.json
287,newbmiao/opa-koans,newbmiao/opa-koans,NewbMiao-opa-koans.tar.gz,246501863.0,opa,demos/entitlements/utils.rego
288,c0c0n3/kitt4sme.live,c0c0n3/kitt4sme.live,c0c0n3-kitt4sme.live.tar.gz,426236824.0,opa,dev/opa.poc/policy.rego
289,open-telemetry/semantic-conventions,open-telemetry/semantic-conventions,open-telemetry-semantic-conventions.tar.gz,638591290.0,opa,policies/entity_association.rego
290,monkslc/hyperpolyglot,monkslc/hyperpolyglot,monkslc-hyperpolyglot.tar.gz,248387967.0,opa,samples/Open Policy Agent/ssh.rego
291,pipelineai/pipeline,pipelineai/pipeline,PipelineAI-pipeline.tar.gz,38730494.0,opa,eks/demo/.cache/manifests/manifests-7a373809a663ded140f9b70a3e879a39f6e88479/gatekeeper/ns-required-annotations.yaml
292,azure/enterprise-azure-policy-as-code,azure/enterprise-azure-policy-as-code,Azure-enterprise-azure-policy-as-code.tar.gz,337162838.0,azure,StarterKit/Definitions-Common/policyDefinitions/Tagging/rg-addreplace-tag-dynamic-notscope.json
293,nirmata/kyverno-charts,nirmata/kyverno-charts,nirmata-kyverno-charts.tar.gz,425362601.0,kyverno,charts/pod-security-policies/templates/disallow-host-ports.yaml
294,jpetazzo/container.training,jpetazzo/container.training,jpetazzo-container.training.tar.gz,37004081.0,kyverno,k8s/kyverno-pod-color-1.yaml
295,statcan/gatekeeper-policies,statcan/gatekeeper-policies,StatCan-gatekeeper-policies.tar.gz,199915601.0,opa,pod-security-policy/block-automount-token/template.yaml
296,snoopy82481/home_cluster,snoopy82481/home_cluster,snoopy82481-home_cluster.tar.gz,538720947.0,kyverno,archive/kubernetes/apps/monitoring/kyverno/policies/apply-ingress-external-dns-annotations.yaml
297,controlplaneio/simulator,controlplaneio/simulator,controlplaneio-simulator.tar.gz,190058730.0,kyverno,ansible/roles/seven-seas/files/manifests/02-kyverno-policies.yaml
298,aws/aws-eks-best-practices,aws/aws-eks-best-practices,aws-aws-eks-best-practices.tar.gz,217173687.0,opa,policies/opa/gatekeeper/constraints/1-dep-labels-constraint.yaml
299,chaijunkin/home-ops,chaijunkin/home-ops,chaijunkin-home-ops.tar.gz,766143611.0,kyverno,.archive/DRAFT/kyverno/policies/remove-cpu-limits.yaml
300,teutonet/teutonet-helm-charts,teutonet/teutonet-helm-charts,teutonet-teutonet-helm-charts.tar.gz,539044505.0,kyverno,charts/base-cluster/templates/kyverno/policies/teuto-policies/restrict-automount-sa-token/_policy.yaml
301,maif/wasmo,maif/wasmo,MAIF-wasmo.tar.gz,705615829.0,opa,server/templates/otoroshi/opa/policies.rego
302,dotfilesh/ops,dotfilesh/ops,dotfilesh-ops.tar.gz,527309382.0,kyverno,k8s/clusters/kclt-01/apps/kyverno/kyverno/policies/sync-rgwuser-secrets.yaml
303,abuxton/tfx-vmp,abuxton/tfx-vmp,abuxton-tfx-vmp.tar.gz,558820288.0,hashicorp-sentinel,policy_sets/generic/policy.sentinel
304,n4vysh/n4vysh.dev,n4vysh/n4vysh.dev,n4vysh-n4vysh.dev.tar.gz,631620874.0,opa,infra/terragrunt/policy/main.rego
305,elastic/csp-security-policies,elastic/csp-security-policies,elastic-csp-security-policies.tar.gz,424210949.0,opa,bundle/compliance/policy/azure/common.rego
306,rond-authz/rond,rond-authz/rond,rond-authz-rond.tar.gz,499463016.0,opa,mocks/rego-policies/ignored_module.rego
307,googlecloudplatform/professional-services,googlecloudplatform/professional-services,GoogleCloudPlatform-professional-services.tar.gz,91730359.0,opa,tools/anthosvmware-ansible-module/policy-controller-config/cis-benchmark-bundle/5.2.2-5.2.3_psp-host-namespace.yaml
308,apheon-terra/01_k3s_ops,apheon-terra/01_k3s_ops,apheon-terra-01_k3s_ops.tar.gz,623540205.0,kyverno,kubernetes/apps/kyverno/kyverno/policies/apply-ingress-whitelist-annotations.yaml
309,litmuschaos/litmus,litmuschaos/litmus,litmuschaos-litmus.tar.gz,85039965.0,kyverno,mkdocs/docs/experiments/concepts/security/restricted-policies.yaml
310,nirmata/kyverno-aws-adapter,nirmata/kyverno-aws-adapter,nirmata-kyverno-aws-adapter.tar.gz,539712990.0,kyverno,config/samples/policies/check-cluster-tags.yaml
311,rootsongjc/cloud-native-library,rootsongjc/cloud-native-library,rootsongjc-cloud-native-library.tar.gz,214626648.0,opa,content/tsb/assets/howto/openapi-policy.rego
312,lsst-it/k8s-cookbook,lsst-it/k8s-cookbook,lsst-it-k8s-cookbook.tar.gz,242857618.0,kyverno,fleet/lib/kyverno-conf/policies/limit_hostpath_type_pv.yaml
313,hongbo-miao/hongbomiao.com,hongbo-miao/hongbomiao.com,hongbo-miao-hongbomiao.com.tar.gz,172822195.0,opa,api-go/internal/graphql_server/policies/app.rbac.rego
314,uninettsigma2/helm-charts,uninettsigma2/helm-charts,UNINETTSigma2-helm-charts.tar.gz,93739013.0,opa,policy/deny.rego
315,devopsmcpatral/devops,devopsmcpatral/devops,Devopsmcpatral-Devops.tar.gz,709991104.0,opa,hashicorp/terraform-cloud/policy-as-code/opa/policies/friday_deploys.rego
316,harness/developer-hub,harness/developer-hub,harness-developer-hub.tar.gz,528884267.0,kyverno,docs/chaos-engineering/security/security-templates/manifest/kyverno-policies/allow-host-paths-for-litmus-experiments-which-uses-hostPaths.yaml
317,cross-lab-project/crosslab,cross-lab-project/crosslab,Cross-Lab-Project-crosslab.tar.gz,490184055.0,opa,services/authorization/policy/crosslab.rego
318,project-sunbird/sunbird-ed-installer,project-sunbird/sunbird-ed-installer,project-sunbird-sunbird-ed-installer.tar.gz,753579938.0,opa,helmcharts/learnbb/charts/registry/configs/opa/policies.rego
319,alexrogalskiy/android-patterns,alexrogalskiy/android-patterns,AlexRogalskiy-android-patterns.tar.gz,329963677.0,opa,policy/kubernetes.rego
320,pauldotyu/azure-platform-terraform,pauldotyu/azure-platform-terraform,pauldotyu-azure-platform-terraform.tar.gz,382422414.0,azure,lib/policy_definitions/policy_definition_cu_audit_windows_server_missing_byol.json
321,terraform-in-action/manning-code,terraform-in-action/manning-code,terraform-in-action-manning-code.tar.gz,189592382.0,hashicorp-sentinel,chapter13/listing13.10/block.sentinel
322,stackabletech/hdfs-utils,stackabletech/hdfs-utils,stackabletech-hdfs-utils.tar.gz,747281304.0,opa,rego/hdfs.rego
323,sapcc/helm-charts,sapcc/helm-charts,sapcc-helm-charts.tar.gz,72561765.0,opa,system/gatekeeper-config/templates/constraint-images-from-non-keppel.yaml
324,star3am/hashiqube,star3am/hashiqube,star3am-hashiqube.tar.gz,663240320.0,hashicorp-sentinel,sentinel/sentinel/passthrough.sentinel
325,hc-ippm/devsecops-platform,hc-ippm/devsecops-platform,HC-IPPM-devsecops-platform.tar.gz,794756486.0,kyverno,policies/restrict-git-repo.yaml
326,azure/ai-hub,azure/ai-hub,Azure-ai-hub.tar.gz,757336183.0,azure,enablement/policies/datafactory/Compliant-DataFactoryPolicySetDefinition.json
327,sunbird-lern/userorg-service,sunbird-lern/userorg-service,Sunbird-Lern-userorg-service.tar.gz,96121797.0,opa,helm/learner_opa_policies/service-policies/policies.rego
328,obmondo/kubeaid,obmondo/kubeaid,Obmondo-kubeaid.tar.gz,588096510.0,opa,argocd-helm-charts/gatekeeper/policies/CronJobForbidConcurrency.rego
329,azure/aro-rp,azure/aro-rp,Azure-ARO-RP.tar.gz,224878780.0,opa,pkg/operator/controllers/guardrails/policies/gkconstraints/aro-master-toleration-pod-deny.yaml
330,bestchains/installer,bestchains/installer,bestchains-installer.tar.gz,580737584.0,kyverno,u4a-component/charts/cluster-component/charts/openebs/templates/kyverno/allow-privilege-escalation.yaml
331,styrainc/regal,styrainc/regal,StyraInc-regal.tar.gz,592365615.0,opa,bundle/regal/lsp/completion/main.rego
332,alexrogalskiy/quotes,alexrogalskiy/quotes,AlexRogalskiy-quotes.tar.gz,334777292.0,opa,policy/deny.rego
333,erkules/dufluxdu,erkules/dufluxdu,erkules-dufluxdu.tar.gz,500604744.0,kyverno,base/security/kubescape-findings/clean_unkonwn_users.yaml
334,apersant1/spottier,apersant1/spottier,Apersant1-Spottier.tar.gz,692842067.0,cloud-custodian,services/policy-service/policies.yaml
335,netscaler/netscaler-k8s-ingress-controller,netscaler/netscaler-k8s-ingress-controller,netscaler-netscaler-k8s-ingress-controller.tar.gz,149721171.0,opa,docs/how-to/webhook/requiredannotations/constraint.yaml
336,raffaelespazzoli/openshift-enablement-exam,raffaelespazzoli/openshift-enablement-exam,raffaelespazzoli-openshift-enablement-exam.tar.gz,70494103.0,kyverno,misc4.0/kyverno/cmdb-pod-policy.yaml
337,googlecloudplatform/policy-library,googlecloudplatform/policy-library,GoogleCloudPlatform-policy-library.tar.gz,178277843.0,opa,samples/bigquery_cmek.yaml
338,lfn-cnti/testsuite,lfn-cnti/testsuite,lfn-cnti-testsuite.tar.gz,234632572.0,opa,embedded_files/enforce-image-tag.yml
339,stacklet/shift-left-foundations-pack,stacklet/shift-left-foundations-pack,stacklet-shift-left-foundations-pack.tar.gz,604159163.0,cloud-custodian,policies/sagemaker.yaml
340,cloud-gov/compliance,cloud-gov/compliance,cloud-gov-compliance.tar.gz,45255895.0,cloud-custodian,audit/custodian/ebs-encrypted.yml
341,pulumi/customer-managed-deployment-agent,pulumi/customer-managed-deployment-agent,pulumi-customer-managed-deployment-agent.tar.gz,734080183.0,kyverno,kubernetes/troubleshooting/kyverno.yaml
342,fybrik/fybrik,fybrik/fybrik,fybrik-fybrik.tar.gz,293918210.0,opa,samples/adminconfig/optimization_strategy.rego
343,googlecloudplatform/anthos-appconfig,googlecloudplatform/anthos-appconfig,GoogleCloudPlatform-anthos-appconfig.tar.gz,192810846.0,opa,anthos-config-management/gatekeeper-config/constraint-templates.yaml
344,cybersecurity-certification-hub/security-metrics,cybersecurity-certification-hub/security-metrics,Cybersecurity-Certification-Hub-security-metrics.tar.gz,778337462.0,opa,metrics/DevelopmentLifeCycle/SignedCommits/metric.rego
345,cisagov/scubagoggles,cisagov/scubagoggles,cisagov-ScubaGoggles.tar.gz,670199969.0,opa,scubagoggles/rego/Chat.rego
346,googlecloudplatform/federated-learning,googlecloudplatform/federated-learning,GoogleCloudPlatform-federated-learning.tar.gz,447134645.0,opa,configsync/policycontroller/constraints.yaml
347,googlecloudplatform/terraform-google-enterprise-genai,googlecloudplatform/terraform-google-enterprise-genai,GoogleCloudPlatform-terraform-google-enterprise-genai.tar.gz,777420932.0,opa,policy-library/policies/constraints/require_dnssec.yaml
348,geeks-academy/terraform,geeks-academy/terraform,Geeks-Academy-terraform.tar.gz,289713692.0,hashicorp-sentinel,sentinel/passthrough.sentinel
349,jouve/charts,jouve/charts,jouve-charts.tar.gz,641652568.0,opa,charts/gatekeeper-library/templates/k8sblockloadbalancer.yaml
350,azure/alz-bicep,azure/alz-bicep,Azure-ALZ-Bicep.tar.gz,396743838.0,azure,infra-as-code/bicep/modules/policy/definitions/lib/policy_definitions/policy_definition_es_Deny-AzFw-Without-Policy.json
351,kubewarden/disallow-service-nodeport-policy,kubewarden/disallow-service-nodeport-policy,kubewarden-disallow-service-nodeport-policy.tar.gz,407485149.0,opa,utility/policy.rego
352,dipankardas011/learn-cloud-native-tools,dipankardas011/learn-cloud-native-tools,dipankardas011-Learn-Cloud-Native-Tools.tar.gz,455950566.0,kyverno,policy/kyverno/workshop/01.yml
353,mathieu-benoit/ci-with-helm,mathieu-benoit/ci-with-helm,mathieu-benoit-ci-with-helm.tar.gz,535925718.0,opa,policies/users/samples/constraint.yaml
354,hummerrisk/hummerrisk,hummerrisk/hummerrisk,HummerRisk-HummerRisk.tar.gz,499359479.0,azure,hummer-modules/hummer-cloud/src/main/resources/support/strategy/hummer-azure-plugin.json
355,hashicorp/nomad-guides,hashicorp/nomad-guides,hashicorp-nomad-guides.tar.gz,110382535.0,hashicorp-sentinel,operations/sentinel/sentinel_policies/enforce_multi_dc.sentinel
356,devspace-cloud/devspace-cloud,devspace-cloud/devspace-cloud,devspace-cloud-devspace-cloud.tar.gz,197343751.0,opa,rego/ingress_hosts.rego
357,ciscodevnet/sdwan-devops,ciscodevnet/sdwan-devops,CiscoDevNet-sdwan-devops.tar.gz,197055843.0,opa,config/policy/config.rego
358,qbeyond/terraform-azurerm-archetype-lib,qbeyond/terraform-azurerm-archetype-lib,qbeyond-terraform-azurerm-archetype-lib.tar.gz,645334508.0,azure,policy_definitions/tagging/policy_definition_qby_require_tag_on_resource_group.json
359,daocloud/dce-charts-repackage,daocloud/dce-charts-repackage,DaoCloud-dce-charts-repackage.tar.gz,521113807.0,opa,charts/metallb/metallb/charts/metallb/policy/speaker.rego
360,nordix/metal3-clusterapi-docs,nordix/metal3-clusterapi-docs,Nordix-metal3-clusterapi-docs.tar.gz,206261010.0,kyverno,security/container-signing-poc/kyverno/policy/kyverno-policy-notation.yaml
361,neilmfrench/homelab-prod,neilmfrench/homelab-prod,neilmfrench-homelab-prod.tar.gz,586082284.0,kyverno,kubernetes/infrastructure/production/kyverno/kyverno/policies/remove-cpu-limits.yaml
362,aquasecurity/postee,aquasecurity/postee,aquasecurity-postee.tar.gz,75539205.0,opa,rego-templates/raw-message-json.rego
363,digicatapult/veritable-cloudagent,digicatapult/veritable-cloudagent,digicatapult-veritable-cloudagent.tar.gz,660099340.0,opa,docker/opa/suppliers.rego
364,rallyhealth/conftest-policy-packs,rallyhealth/conftest-policy-packs,rallyhealth-conftest-policy-packs.tar.gz,371760649.0,opa,policies/lib/packages_functions.rego
365,confluentinc/policy-library-confluent-terraform,confluentinc/policy-library-confluent-terraform,confluentinc-policy-library-confluent-terraform.tar.gz,614974702.0,hashicorp-sentinel,policies/allow_topic_custom_retention_period/allow_topic_custom_retention_period.sentinel
366,stylescube/sam-s-custodian,stylescube/sam-s-custodian,stylescube-Sam-s-Custodian.tar.gz,170404183.0,cloud-custodian,Firewall/policy.yml
367,dettanym/prose,dettanym/prose,dettanym-prose.tar.gz,587935554.0,opa,privacy-profile-composer/resources/opa_bundle/prose/allow_all/policy.rego
368,gsa/grace-cloudcustodian,gsa/grace-cloudcustodian,GSA-grace-cloudcustodian.tar.gz,209335437.0,cloud-custodian,custodian_policy_templates/user_key_disable.yml
369,c0c0n3/teadal.proto,c0c0n3/teadal.proto,c0c0n3-teadal.proto.tar.gz,591431972.0,opa,deployment/mesh-infra/security/opa/rego/minio/service.rego
370,mitodl/ol-infrastructure,mitodl/ol-infrastructure,mitodl-ol-infrastructure.tar.gz,267145677.0,cloud-custodian,cloud_custodian/cleanup_ebs_resources.yaml
371,parsifal-m/backstage-opa-plugins,parsifal-m/backstage-opa-plugins,Parsifal-M-backstage-opa-plugins.tar.gz,606474191.0,opa,policies/catalog.rego
372,magda-io/magda,magda-io/magda,magda-io-magda.tar.gz,66343967.0,opa,magda-opa/policies/system/echo.rego
373,deploykf/deploykf,deploykf/deploykf,deployKF-deployKF.tar.gz,614078982.0,kyverno,generator/templates/manifests/kubeflow-tools/pipelines/resources/clone-bucket-secret-clusterpolicy.yaml
374,auricom/home-ops,auricom/home-ops,auricom-home-ops.tar.gz,314181082.0,kyverno,kubernetes/apps/kyverno/kyverno/policies/volsync-movers.yaml
375,prancer-io/prancer-hello-world,prancer-io/prancer-hello-world,prancer-io-prancer-hello-world.tar.gz,265148374.0,opa,validation/scenario-multiple-yaml/samp.rego
376,meshcloud/collie-hub,meshcloud/collie-hub,meshcloud-collie-hub.tar.gz,490416297.0,azure,kit/azure/landingzones/corp-online/lib/corp/policy_definitions/policy_definition_es_deny_private_dns_zones.json
377,openmpdk/dss-minio,openmpdk/dss-minio,OpenMPDK-dss-minio.tar.gz,465173638.0,opa,docs/sts/putobject.rego
378,nuts-foundation/nuts-workshops,nuts-foundation/nuts-workshops,nuts-foundation-nuts-workshops.tar.gz,160206718.0,opa,deployments/api-gateway/apisix/opa_policies/geboortezorg.rego
379,dod-platform-one/gatekeeper,dod-platform-one/gatekeeper,DoD-Platform-One-Gatekeeper.tar.gz,696977286.0,opa,chart/templates/constraints/restrictedTaint.yaml
380,pagopa/eng-azure-governance,pagopa/eng-azure-governance,pagopa-eng-azure-governance.tar.gz,456850243.0,opa,src/02_policy_kubernetes/policy_rules/required_image_sha256_gatekeeper.yaml
381,vikaspogu/openshift-multicluster,vikaspogu/openshift-multicluster,Vikaspogu-openshift-multicluster.tar.gz,506817262.0,kyverno,components/kyverno-policy-config/namespace-config-vault-access/03_kube-auth-engine-config.yaml
382,anderseknert/opal,anderseknert/opal,anderseknert-opal.tar.gz,304718789.0,opa,lib/math.rego
383,chen-keinan/mesh-kridik,chen-keinan/mesh-kridik,chen-keinan-mesh-kridik.tar.gz,413327567.0,opa,internal/security/mesh/istio/istio_using_3rd_party_tokens.rego
384,alibaba/sreworks,alibaba/sreworks,alibaba-SREWorks.tar.gz,470487478.0,kyverno,chart/sreworks-chart/charts/appmanagerbase/charts/openebs/templates/kyverno/allow-host-ports.yaml
385,microsoft/fabric-toolbox,microsoft/fabric-toolbox,microsoft-fabric-toolbox.tar.gz,656801299.0,azure,samples/azure-policy/pause-capacity-policy/pause-capacity-policy.json
386,dmwm/cmskubernetes,dmwm/cmskubernetes,dmwm-CMSKubernetes.tar.gz,123613440.0,opa,helm/opapolicies/charts/requiredprobes/templates/requiredprobes-constraint.yaml
387,aws-cloudformation/rain,aws-cloudformation/rain,aws-cloudformation-rain.tar.gz,185874127.0,cloudformation-guard,internal/cmd/build/tmpl/scripts/rules.guard
388,azure/terraform-azurerm-caf-enterprise-scale,azure/terraform-azurerm-caf-enterprise-scale,Azure-terraform-azurerm-caf-enterprise-scale.tar.gz,298040750.0,azure,modules/archetypes/lib/policy_definitions/policy_definition_es_deny_azfw_without_policy.json
389,defenseunicorns/lula,defenseunicorns/lula,defenseunicorns-lula.tar.gz,530354374.0,kyverno,demo/simple/oscal-component-kyverno.yaml
390,adhar-io/adhar,adhar-io/adhar,adhar-io-adhar.tar.gz,713137530.0,kyverno,platform/policies/security/require-run-as-nonroot.yaml
391,solo-io/hoot,solo-io/hoot,solo-io-hoot.tar.gz,307173863.0,opa,07-intro-to-opa/query.rego
392,prefapp/daggerverse,prefapp/daggerverse,prefapp-daggerverse.tar.gz,775972909.0,opa,opa/fixtures/.firestartr/validations/policies/soups-app.rego
393,open-policy-agent/frameworks,open-policy-agent/frameworks,open-policy-agent-frameworks.tar.gz,173843668.0,opa,constraint/config/samples/templates_v1alpha1_constrainttemplate.yaml
394,jostrm/azure-enterprise-scale-ml,jostrm/azure-enterprise-scale-ml,jostrm-azure-enterprise-scale-ml.tar.gz,354982755.0,azure,environment_setup/aifactory/bicep/esml-util/policy/Deny-Private-DNS-Zones.json
395,novamachina/home-ops,novamachina/home-ops,NovaMachina-home-ops.tar.gz,843618674.0,kyverno,kubernetes/apps/kyverno/kyverno/policies/ingress-authentik-annotations.yaml
396,cheriot-platform/network-stack,cheriot-platform/network-stack,CHERIoT-Platform-network-stack.tar.gz,731279129.0,opa,network_stack.rego
397,packtpublishing/kubernetes-an-enterprise-guide-third-edition,packtpublishing/kubernetes-an-enterprise-guide-third-edition,PacktPublishing-Kubernetes-An-Enterprise-Guide-Third-Edition.tar.gz,650449161.0,opa,chapter11/defaultUser/addDefaultUser.yaml
398,intelops/policyhub,intelops/policyhub,intelops-policyhub.tar.gz,734656199.0,opa,genval/defaultpolicies/rego/infrafile_policies/k8s/deny_priviliged/deny_priviliged.rego
399,alexrogalskiy/charts,alexrogalskiy/charts,AlexRogalskiy-charts.tar.gz,337395887.0,opa,policy/deny.rego
400,cbc02009/k8s-home-ops,cbc02009/k8s-home-ops,cbc02009-k8s-home-ops.tar.gz,516091372.0,kyverno,.archive/kyverno/kyverno/policies/ingress-cert-manager-annotations.yaml
401,azure/azure-policy,azure/azure-policy,Azure-azure-policy.tar.gz,98492017.0,azure,samples/Compute/audit-classic-VM/azurepolicy.json
402,socialgouv/infra-apps,socialgouv/infra-apps,SocialGouv-infra-apps.tar.gz,824555176.0,kyverno,startups/enfants-du-spectacle/raw/clusters/ovh-prod/backup-uploads.policy.yaml
403,dod-platform-one/kyverno-policies,dod-platform-one/kyverno-policies,DoD-Platform-One-Kyverno-Policies.tar.gz,696977432.0,kyverno,chart/templates/restrict-external-names.yaml
404,alexrogalskiy/screenshots,alexrogalskiy/screenshots,AlexRogalskiy-screenshots.tar.gz,338610006.0,opa,policy/deny.rego
405,gucio1200/home-infra,gucio1200/home-infra,gucio1200-home-infra.tar.gz,580849095.0,kyverno,k8s/apps/networking/ingress-nginx/app/clusterpolicy.yaml
406,aws/aws-cdk,aws/aws-cdk,aws-aws-cdk.tar.gz,105808767.0,cloudformation-guard,tools/@aws-cdk/security-guardian/rules/trust_scope_rules.guard
407,googlecloudplatform/solution-acceleration-toolkit,googlecloudplatform/solution-acceleration-toolkit,GoogleCloudPlatform-solution-acceleration-toolkit.tar.gz,232851813.0,opa,templates/policygen/forseti/overall/iam_deny_public_access.yaml
408,aquasecurity/avd-generator,aquasecurity/avd-generator,aquasecurity-avd-generator.tar.gz,287123296.0,opa,goldens/rego/Baseline #6 - AppArmor policy disabled.rego
409,armory/se-spinnaker-config,armory/se-spinnaker-config,armory-se-spinnaker-config.tar.gz,276706613.0,opa,policies/policy-lb22.rego
410,kubewarden/raw-validation-opa-policy,kubewarden/raw-validation-opa-policy,kubewarden-raw-validation-opa-policy.tar.gz,709390468.0,opa,policy.rego
411,tkpegatron/homelab-k8sflux,tkpegatron/homelab-k8sflux,TkPegatron-homelab-k8sflux.tar.gz,680816790.0,kyverno,kubernetes/main/applications/kyverno/kyverno/policies/delete-cpu-limits.yaml
412,snowflake-labs/sansshell,snowflake-labs/sansshell,Snowflake-Labs-sansshell.tar.gz,411709740.0,opa,cmd/proxy-server/default-policy.rego
413,odahu/odahu-flow,odahu/odahu-flow,odahu-odahu-flow.tar.gz,219930786.0,opa,helms/odahu-flow-core/policies/api/roles.rego
414,budimanjojo/home-cluster,budimanjojo/home-cluster,budimanjojo-home-cluster.tar.gz,381001331.0,kyverno,cluster/apps/default/clusterpolicies/base/delete-cpu-limits.yaml
415,daluca/cloud,daluca/cloud,daluca-cloud.tar.gz,588761522.0,opa,policy/constraints/base/https-only.yaml
416,bearer/bearer,bearer/bearer,Bearer-bearer.tar.gz,542197924.0,opa,pkg/commands/process/settings/processors/rails_encrypted.rego
417,koralium/opadotnet,koralium/opadotnet,koralium-OPADotNet.tar.gz,390546533.0,opa,samples/MvcExample/policies/read.rego
418,charbelnemnom/power-mvp-elite,charbelnemnom/power-mvp-elite,CharbelNemnom-Power-MVP-Elite.tar.gz,114026513.0,azure,Azure/Azure Policy/Diagnostic Settings/Event Hub/Policy-Definition-EH.json
419,educates/educates-training-platform,educates/educates-training-platform,educates-educates-training-platform.tar.gz,476091798.0,kyverno,carvel-packages/installer/bundle/config/ytt/_ytt_lib/packages/educates/_ytt_lib/kyverno-policies/upstream/other/b-d/disallow-localhost-services/disallow-localhost-services.yaml
420,falkwinkler/k3s-gitops,falkwinkler/k3s-gitops,FalkWinkler-k3s-gitops.tar.gz,437833524.0,kyverno,kubernetes/apps/kyverno/kyverno/policies/inject-tz.yaml
421,opendatahub-io-contrib/data-mesh-pattern,opendatahub-io-contrib/data-mesh-pattern,opendatahub-io-contrib-data-mesh-pattern.tar.gz,619387142.0,opa,gitops/openmetadata/policy/sample-policy.rego
422,legit-labs/legitify,legit-labs/legitify,Legit-Labs-legitify.tar.gz,513947555.0,opa,policies/github/common/secrets.rego
423,samip5/k8s-cluster,samip5/k8s-cluster,samip5-k8s-cluster.tar.gz,387935428.0,kyverno,.archive/base/kyverno/policies/apply-ingress-whitelist-annotations.yaml
424,data-catering/insta-infra,data-catering/insta-infra,data-catering-insta-infra.tar.gz,807386292.0,opa,cmd/insta/resources/data/opa/policies/lakekeeper/authentication.rego
425,valitydev/bouncer-policies,valitydev/bouncer-policies,valitydev-bouncer-policies.tar.gz,452198096.0,opa,policies/system/authz.rego
426,premisedata/gcp-tutorials,premisedata/gcp-tutorials,premisedata-gcp-tutorials.tar.gz,368586354.0,cloud-custodian,002-cloud-custodian-metric-filters/instance_utilization.yml
427,tkestack/charts,tkestack/charts,tkestack-charts.tar.gz,394871206.0,opa,incubator/kubesphere/files/extensions.customresourcefilters.rego
428,ardanlabs/liarsdice,ardanlabs/liarsdice,ardanlabs-liarsdice.tar.gz,515274699.0,opa,business/web/auth/rego/authentication.rego
429,nexodus-io/nexodus,nexodus-io/nexodus,nexodus-io-nexodus.tar.gz,545068542.0,opa,internal/routers/token.rego
430,jsa4000/homelab-ops,jsa4000/homelab-ops,jsa4000-homelab-ops.tar.gz,770867638.0,kyverno,kubernetes/addons/security/kyverno/policies/remove-cpu-limits.yaml
431,tyconsulting/azurepolicy,tyconsulting/azurepolicy,tyconsulting-azurepolicy.tar.gz,145643478.0,azure,policy-definitions/audit-resources-without-tags/azurepolicy.json
432,labring-actions/cluster-image,labring-actions/cluster-image,labring-actions-cluster-image.tar.gz,484095473.0,kyverno,applications/openebs-cstor/v3.3.0/charts/openebs/templates/kyverno/require-user-groups.yaml
433,ollionorg/gcp-landing-zone,ollionorg/gcp-landing-zone,ollionorg-gcp-landing-zone.tar.gz,529133508.0,opa,policy-library/policies/constraints/tf_compute_enable_oslogin_project.yaml
434,azsk/azts-docs,azsk/azts-docs,azsk-AzTS-docs.tar.gz,357971808.0,azure,Policies/SQLServer/Azure_SQLDatabase_Audit_Enable_Threat_Detection_Server/Security - SQL Server - AuditSqlServerAuditingSettings.json
435,rancher/partner-charts,rancher/partner-charts,rancher-partner-charts.tar.gz,276161202.0,kyverno,charts/openebs/openebs/3.9.0/templates/kyverno/allow-privilege-escalation.yaml
436,linkedin/openhouse,linkedin/openhouse,linkedin-openhouse.tar.gz,756620350.0,opa,infra/recipes/docker-compose/common/opa/policy.rego
437,par-tec/super-sast,par-tec/super-sast,par-tec-super-sast.tar.gz,578201834.0,opa,.docker-security.rego
438,soulwhisper/homelab-ops,soulwhisper/homelab-ops,soulwhisper-homelab-ops.tar.gz,857193770.0,kyverno,.archived/kubernetes/kyverno/policies/enforce-user-namespaces.yaml
439,cert-manager/cert-manager,cert-manager/cert-manager,cert-manager-cert-manager.tar.gz,92313258.0,kyverno,make/config/kyverno/policy.yaml
440,kubernetes/k8s.io,kubernetes/k8s.io,kubernetes-k8s.io.tar.gz,66314075.0,opa,policy/deprecations.rego
441,azure/aks-app-routing-operator,azure/aks-app-routing-operator,Azure-aks-app-routing-operator.tar.gz,475550441.0,opa,pkg/manifests/policy/manifests/k8spspcapabilities.yaml
442,project-sunbird/sunbird-devops,project-sunbird/sunbird-devops,project-sunbird-sunbird-devops.tar.gz,96124296.0,opa,kubernetes/opa/analytics/main.rego
443,tuxpeople/k8s-homelab,tuxpeople/k8s-homelab,tuxpeople-k8s-homelab.tar.gz,372035867.0,kyverno,kubernetes/apps/security/kyverno/policies/gatus-internal.yaml
444,googlecloudplatform/terraform-google-secured-data-warehouse,googlecloudplatform/terraform-google-secured-data-warehouse,GoogleCloudPlatform-terraform-google-secured-data-warehouse.tar.gz,363251886.0,opa,policy-library/policies/constraints/bigquery_cmek.yaml
445,crossplane/tbs,crossplane/tbs,crossplane-tbs.tar.gz,201123926.0,opa,episodes/14/assets/gatekeeper/constraint-app.yaml
446,sebastiaanpasterkamp/dndmachine,sebastiaanpasterkamp/dndmachine,SebastiaanPasterkamp-dndmachine.tar.gz,441257538.0,opa,internal/policy/rego/session.rego
447,awslabs/idf-modules,awslabs/idf-modules,awslabs-idf-modules.tar.gz,612266272.0,kyverno,modules/compute/eks/kyverno-policies/validate/disallow-helm-tiller.yaml
448,blaqvikin/powershell-in-the-making,blaqvikin/powershell-in-the-making,blaqvikin-Powershell-In-The-Making.tar.gz,232899500.0,azure,ARMTemplates/NamingPolicy.json
449,killer-sh/cks-course-environment,killer-sh/cks-course-environment,killer-sh-cks-course-environment.tar.gz,313927079.0,opa,course-content/opa/namespace-labels/all_ns_must_have_cks.yaml
450,kube-tarian/helmrepo-supporting-tools,kube-tarian/helmrepo-supporting-tools,kube-tarian-helmrepo-supporting-tools.tar.gz,586611976.0,kyverno,charts/monitoring/templates/clustername-policy.yaml
451,jameswoolfenden/terraform-aws-activemq,jameswoolfenden/terraform-aws-activemq,JamesWoolfenden-terraform-aws-activemq.tar.gz,233854093.0,checkov,checkov/MQBrokerLogging.py
452,artifacthub/hub,artifacthub/hub,artifacthub-hub.tar.gz,233809604.0,opa,cmd/ah/testdata/lint/test5/pkgs/policy1.rego
453,spiffe/spire,spiffe/spire,spiffe-spire.tar.gz,100061496.0,opa,pkg/server/authpolicy/policy.rego
454,azurenoops/ref-scca-enclave-policy-starter,azurenoops/ref-scca-enclave-policy-starter,azurenoops-ref-scca-enclave-policy-starter.tar.gz,636743203.0,azure,infrastructure/policy/custompolicies/lib/definitions/monitoring/deploy_activitylog_la_workspace_keyregen.json
455,brunoreboul/terraform-google-realtime-asset-monitor,brunoreboul/terraform-google-realtime-asset-monitor,BrunoReboul-terraform-google-realtime-asset-monitor.tar.gz,390600082.0,opa,modules/fetchrules/constraints.rego
456,azure/community-policy,azure/community-policy,Azure-Community-Policy.tar.gz,221338252.0,azure,policyDefinitions/General/resource-name-contains-resource-group-name/azurepolicy.json
457,lakekeeper/lakekeeper,lakekeeper/lakekeeper,lakekeeper-lakekeeper.tar.gz,782635104.0,opa,authz/opa-bridge/policies/trino/user.rego
458,nonfx/starchitect-cloudguard,nonfx/starchitect-cloudguard,nonfx-starchitect-cloudguard.tar.gz,890339082.0,opa,terraform/aws/Amazon MemoryDB/aws_memorydb_network_security.rego
459,ollionorg/cloud-custodian-aws-policies,ollionorg/cloud-custodian-aws-policies,ollionorg-cloud-custodian-aws-policies.tar.gz,589451155.0,cloud-custodian,policies/daily/a-lambda-env-vars-encrypted-at-rest.yml
460,konflux-ci/konflux-ci,konflux-ci/konflux-ci,konflux-ci-konflux-ci.tar.gz,769559541.0,kyverno,dependencies/kyverno/policy/pod-requests-del.yaml
461,andrewkrug/securing-the-cloud-supplemental,andrewkrug/securing-the-cloud-supplemental,andrewkrug-securing-the-cloud-supplemental.tar.gz,332268528.0,cloud-custodian,supplemental/04-04/sanctioned-security-group.yml
462,noobient/noobuntu,noobient/noobuntu,noobient-noobuntu.tar.gz,199827146.0,opa,ansible/roles/docker/files/authz.rego
463,atea/tc24-infraops,atea/tc24-infraops,atea-tc24-infraops.tar.gz,785581158.0,azure,Core/lib/policy_definitions/policy_definition_es_enforce_resource_tags.json
464,fybrik/hello-world-read-module,fybrik/hello-world-read-module,fybrik-hello-world-read-module.tar.gz,350021494.0,opa,sample_assets/sample-policy.rego
465,devantler-tech/platform,devantler-tech/platform,devantler-tech-platform.tar.gz,494599576.0,kyverno,k8s/base/infrastructure/cluster-policies/samples/kubevirt/enforce-instancetype/enforce-instancetype.yaml
466,checkmarx/kics,checkmarx/kics,Checkmarx-kics.tar.gz,278200746.0,opa,assets/libraries/grpc.rego
467,aws-ia/terraform-aws-eks-blueprints,aws-ia/terraform-aws-eks-blueprints,aws-ia-terraform-aws-eks-blueprints.tar.gz,355360954.0,kyverno,patterns/vpc-lattice/cross-cluster-pod-communication/cluster/charts/platform/templates/kyverno-cluster-policy.yaml
468,florisfeddema/homelab,florisfeddema/homelab,FlorisFeddema-homelab.tar.gz,553177213.0,kyverno,products/core/kyverno/templates/policies/prevent-nodeport.yaml
469,helderpinto/azureupdatemanagertools,helderpinto/azureupdatemanagertools,helderpinto-AzureUpdateManagerTools.tar.gz,695604077.0,azure,policy/maintenance-configuration-deployifnotexists.json
470,yunosukey/policy-for-pss,yunosukey/policy-for-pss,YunosukeY-policy-for-pss.tar.gz,571097584.0,opa,pod-security-standards/lib/wrapper/wrapper.rego
471,clouditor/clouditor,clouditor/clouditor,clouditor-clouditor.tar.gz,186387230.0,opa,policies/bundles/TransportEncryption/TlsDHGroups/metric.rego
472,rafaysystems/getstarted,rafaysystems/getstarted,RafaySystems-getstarted.tar.gz,429970371.0,opa,turnkey-opa/opaconstraints/artifacts/proc-mount-custom/proc-mount.yaml
473,jfroy/flatops,jfroy/flatops,jfroy-flatops.tar.gz,764972992.0,kyverno,kubernetes/apps/kyverno/kyverno-policies/app/clusterpolicy.yaml
474,gersonrs/modern-gitops-stack-module-metallb,gersonrs/modern-gitops-stack-module-metallb,GersonRS-modern-gitops-stack-module-metallb.tar.gz,781495028.0,opa,charts/metallb/charts/metallb/policy/speaker.rego
475,aquasecurity/tracee-action,aquasecurity/tracee-action,aquasecurity-tracee-action.tar.gz,366879318.0,opa,signatures/file_write.rego
476,joshuaspence/homelab,joshuaspence/homelab,joshuaspence-homelab.tar.gz,278581941.0,opa,policy/kubernetes.rego
477,autokitteh/autokitteh,autokitteh/autokitteh,autokitteh-autokitteh.tar.gz,758802433.0,opa,configs/opa_bundles/default/authz.rego
478,dmtf/spdm-emu,dmtf/spdm-emu,DMTF-spdm-emu.tar.gz,357250260.0,opa,spdm_emu/spdm_device_verifier_tool/SpdmSamplePolicy.rego
479,dod-platform-one/gitlab-runner,dod-platform-one/gitlab-runner,DoD-Platform-One-gitlab-runner.tar.gz,692182453.0,kyverno,chart/templates/bigbang/kyverno/sync-gitlab-runner-secret.yaml
480,hc-ippm/safe-inputs,hc-ippm/safe-inputs,HC-IPPM-safe-inputs.tar.gz,513294989.0,kyverno,policies/disallow-privilege-escalation.yaml
481,likvid-bank/likvid-cloudfoundation,likvid-bank/likvid-cloudfoundation,likvid-bank-likvid-cloudfoundation.tar.gz,515181153.0,azure,kit/azure/landingzones/sandbox/lib/policy_definitions/policy_definition_es_deny_vnet_peer_cross_sub.json
482,external-secrets/external-secrets,external-secrets/external-secrets,external-secrets-external-secrets.tar.gz,313628863.0,kyverno,docs/snippets/kyverno-policy-secretstore.yaml
483,jamelachahbar/azureoptimizer,jamelachahbar/azureoptimizer,jamelachahbar-AzureOptimizer.tar.gz,818733830.0,cloud-custodian,CostOptimizerFunction/HttpTrigger1/policies/policies.yaml
