repo_name,archive_name,repo_id
porter-dev/porter-archive,porter-dev-porter-archive.tar.gz,297436961
suxess-it/kubriX,suxess-it-kubriX.tar.gz,776138333
sapcc/gatekeeper-addons,sapcc-gatekeeper-addons.tar.gz,355893937
nulldriver/cf-cli-resource,nulldriver-cf-cli-resource.tar.gz,84623051
XenitAB/gatekeeper-library,XenitAB-gatekeeper-library.tar.gz,284453143
c0c0n3/kitt4sme,c0c0n3-kitt4sme.tar.gz,340392094
haraldkoch/kochhaus-home,haraldkoch-kochhaus-home.tar.gz,373614328
evry-ace/helm-charts,evry-ace-helm-charts.tar.gz,143923640
kuberise/kuberise.io,kuberise-kuberise.io.tar.gz,670271424
aquasecurity/chain-bench,aquasecurity-chain-bench.tar.gz,491440930
trevorbox/service-mesh-patterns,trevorbox-service-mesh-patterns.tar.gz,272547438
NightProgrammers/devops-research,NightProgrammers-devops-research.tar.gz,483999776
getupcloud/helm-charts,getupcloud-helm-charts.tar.gz,338201759
Azure/ShieldGuard,Azure-ShieldGuard.tar.gz,563114348
Azure/aca-landing-zone-accelerator,Azure-aca-landing-zone-accelerator.tar.gz,528897768
kubebb/components,kubebb-components.tar.gz,649660306
cisagov/ScubaGear,cisagov-ScubaGear.tar.gz,516451110
sighupio/container-signature-enforcer,sighupio-container-signature-enforcer.tar.gz,263376335
Azure/avdaccelerator,Azure-avdaccelerator.tar.gz,447256665
pluralsh/bootstrap,pluralsh-bootstrap.tar.gz,735437748
SamYuan1990/Probe,SamYuan1990-Probe.tar.gz,304006367
holaplex/hub-permissions,holaplex-hub-permissions.tar.gz,599965302
clayrisser/charts,clayrisser-charts.tar.gz,148073701
nais/aivenator,nais-aivenator.tar.gz,362436080
gepaplexx/gp-helm-chart-development,gepaplexx-gp-helm-chart-development.tar.gz,436902976
kondukto-io/kntrl,kondukto-io-kntrl.tar.gz,744719396
concourse/ci,concourse-ci.tar.gz,188876851
tenable/terrascan,tenable-terrascan.tar.gz,103084166
binxio/aws-cfn-update,binxio-aws-cfn-update.tar.gz,130357332
hashicorp-services/enablement-terraform-lab-modules,hashicorp-services-enablement-terraform-lab-modules.tar.gz,589152875
oracle-devrel/cd3-automation-toolkit,oracle-devrel-cd3-automation-toolkit.tar.gz,549077250
AlexRogalskiy/javascript-patterns,AlexRogalskiy-javascript-patterns.tar.gz,334891976
open-policy-agent/gatekeeper,open-policy-agent-gatekeeper.tar.gz,154894457
sudoersllc/opsbox-rego,sudoersllc-opsbox-rego.tar.gz,898021546
ismailbay/k8s-dev-stack,ismailbay-k8s-dev-stack.tar.gz,723730906
buvis/clusters,buvis-clusters.tar.gz,449041324
ryan-mcd/gitops-home-cluster,ryan-mcd-gitops-home-cluster.tar.gz,389478954
redhat-cop/gitops-catalog,redhat-cop-gitops-catalog.tar.gz,250591307
open-cluster-management-io/policy-collection,open-cluster-management-io-policy-collection.tar.gz,273075407
ministryofjustice/modernisation-platform-environments,ministryofjustice-modernisation-platform-environments.tar.gz,359745886
Azure/bicep-registry-modules,Azure-bicep-registry-modules.tar.gz,447791597
davidclin/cloudcustodian-policies,davidclin-cloudcustodian-policies.tar.gz,129438014
debate-map/app,debate-map-app.tar.gz,84543105
replicatedhq/kURL,replicatedhq-kURL.tar.gz,198898598
BeryJu/k8s,BeryJu-k8s.tar.gz,347929503
konflux-ci/konflux-test,konflux-ci-konflux-test.tar.gz,470130303
Azure/AzureMonitorStarterPacks,Azure-AzureMonitorStarterPacks.tar.gz,664310472
vinod827/cloudkit-lab,vinod827-cloudkit-lab.tar.gz,327316280
AlexRogalskiy/wotd,AlexRogalskiy-wotd.tar.gz,341210722
Cray-HPE/cray-opa-gatekeeper,Cray-HPE-cray-opa-gatekeeper.tar.gz,365248408
open-policy-agent/library,open-policy-agent-library.tar.gz,101445529
kubesphere/kubesphere,kubesphere-kubesphere.tar.gz,130430977
dlcowen/sansfor509,dlcowen-sansfor509.tar.gz,363507468
axeII/home-ops,axeII-home-ops.tar.gz,383553362
hashicorp/terraform-guides,hashicorp-terraform-guides.tar.gz,110382488
networkservicemesh/sdk,networkservicemesh-sdk.tar.gz,233907159
GoogleCloudPlatform/blueprints,GoogleCloudPlatform-blueprints.tar.gz,322410427
envoyproxy/archive,envoyproxy-archive.tar.gz,697726755
giantswarm/kyverno-app,giantswarm-kyverno-app.tar.gz,349438815
azurenoops/terraform-azurerm-overlays-policy,azurenoops-terraform-azurerm-overlays-policy.tar.gz,607776958
wunderio/charts,wunderio-charts.tar.gz,146619803
marvinbuss/Terraform-LandingZones,marvinbuss-Terraform-LandingZones.tar.gz,614918903
dheerajodha/the-mentalist-quiz,dheerajodha-the-mentalist-quiz.tar.gz,824602382
aws-cloudformation/resource-schema-guard-rail,aws-cloudformation-resource-schema-guard-rail.tar.gz,539651479
mailbadger/app,mailbadger-app.tar.gz,38979597
SAP/InfraBox,SAP-InfraBox.tar.gz,126344645
AlexRogalskiy/proverbs,AlexRogalskiy-proverbs.tar.gz,346359381
JamesWoolfenden/terraform-aws-s3,JamesWoolfenden-terraform-aws-s3.tar.gz,163082476
lenaxia/home-ops-dev,lenaxia-home-ops-dev.tar.gz,547648675
controlplaneio-fluxcd/d1-fleet,controlplaneio-fluxcd-d1-fleet.tar.gz,759751721
MicroAgeServicesOrg/Azure-Lighthouse-deploymentAutomation,MicroAgeServicesOrg-Azure-Lighthouse-deploymentAutomation.tar.gz,591447265
pluralsh/plural-helm-charts,pluralsh-plural-helm-charts.tar.gz,403698924
courselabs/kubernetes,courselabs-kubernetes.tar.gz,356316709
ansible/ansible-policy,ansible-ansible-policy.tar.gz,741470706
jferrater/opa-data-filter-spring-boot-starter,jferrater-opa-data-filter-spring-boot-starter.tar.gz,241153419
Sud1691/azure_repo,Sud1691-azure_repo.tar.gz,804729222
diwise/iot-device-mgmt,diwise-iot-device-mgmt.tar.gz,475952315
chrisns/k8s-opa-boilerplate,chrisns-k8s-opa-boilerplate.tar.gz,362535503
google/gke-policy-automation,google-gke-policy-automation.tar.gz,470366002
tvories/k8s-gitops,tvories-k8s-gitops.tar.gz,379041316
shiblon/entroq,shiblon-entroq.tar.gz,134464022
kubesphere/helm-charts,kubesphere-helm-charts.tar.gz,170423708
cloudposse/terraform-aws-components,cloudposse-terraform-aws-components.tar.gz,131209713
Orange-OpenSource/optisam-backend,Orange-OpenSource-optisam-backend.tar.gz,226081740
linode/apl-core,linode-apl-core.tar.gz,200118806
open-policy-agent/gatekeeper-library,open-policy-agent-gatekeeper-library.tar.gz,191437603
intel/confidential-computing-zoo,intel-confidential-computing-zoo.tar.gz,431727603
SecureHats/SecureHacks,SecureHats-SecureHacks.tar.gz,373569892
osnabrugge/home-ops,osnabrugge-home-ops.tar.gz,618226962
giantswarm/kyverno-policies,giantswarm-kyverno-policies.tar.gz,349133158
Azure/Enterprise-Scale,Azure-Enterprise-Scale.tar.gz,264303818
leoviana00/lab-k8s-prep-cks,leoviana00-lab-k8s-prep-cks.tar.gz,727921561
elastisys/compliantkubernetes-apps,elastisys-compliantkubernetes-apps.tar.gz,308627472
suse-edge/charts,suse-edge-charts.tar.gz,612955300
chef/automate,chef-automate.tar.gz,179318179
DiamondLightSource/workflows,DiamondLightSource-workflows.tar.gz,765668416
elastic/cloud-on-k8s,elastic-cloud-on-k8s.tar.gz,155368246
fahlke/flux-kind,fahlke-flux-kind.tar.gz,520397827
JimGBritt/AzurePolicy,JimGBritt-AzurePolicy.tar.gz,176361514
doitintl/kube-no-trouble,doitintl-kube-no-trouble.tar.gz,254161684
omc-college/management-system,omc-college-management-system.tar.gz,250765606
hashicorp/observability-as-code,hashicorp-observability-as-code.tar.gz,253794809
bcgov/cloud-custodian-policies,bcgov-cloud-custodian-policies.tar.gz,332096163
ViktorUJ/cks,ViktorUJ-cks.tar.gz,592055205
m9sweeper/m9sweeper,m9sweeper-m9sweeper.tar.gz,558915653
confidential-containers/trustee,confidential-containers-trustee.tar.gz,485367944
chaitin/veinmind-tools,chaitin-veinmind-tools.tar.gz,456840037
WorkshopOrgTest/tailspin-spacegame,WorkshopOrgTest-tailspin-spacegame.tar.gz,445033729
portefaix/portefaix-policies,portefaix-portefaix-policies.tar.gz,343191057
operate-first/continuous-delivery,operate-first-continuous-delivery.tar.gz,295382313
ultra-supara/sisakulint,ultra-supara-sisakulint.tar.gz,705494367
nerddotdad/truecharts,nerddotdad-truecharts.tar.gz,841676742
GoogleCloudPlatform/gke-policy-library,GoogleCloudPlatform-gke-policy-library.tar.gz,242189671
EmbarkStudios/opa-policies,EmbarkStudios-opa-policies.tar.gz,310227465
thoth-station/thoth-application,thoth-station-thoth-application.tar.gz,243238665
vmware/dod-compliance-and-automation,vmware-dod-compliance-and-automation.tar.gz,228668958
hatim-khan/abbey-starter-kit-quickstart,hatim-khan-abbey-starter-kit-quickstart.tar.gz,673515086
govuk-one-login/authentication-api,govuk-one-login-authentication-api.tar.gz,370683892
microsoft/genaiscript,microsoft-genaiscript.tar.gz,679784368
controlplaneio/threat-modelling-labs,controlplaneio-threat-modelling-labs.tar.gz,386234570
redhat-cop/rego-policies,redhat-cop-rego-policies.tar.gz,262924542
JamesWoolfenden/terraform-gcp-storage,JamesWoolfenden-terraform-gcp-storage.tar.gz,216853879
grafana/mimir,grafana-mimir.tar.gz,385634291
bacalhau-project/bacalhau,bacalhau-project-bacalhau.tar.gz,424996787
eclipse-symphony/symphony,eclipse-symphony-symphony.tar.gz,738864606
FairwindsOps/charts,FairwindsOps-charts.tar.gz,165707159
RWejlgaard/pez-k8s,RWejlgaard-pez-k8s.tar.gz,576803165
GoogleCloudPlatform/cloud-foundation-toolkit,GoogleCloudPlatform-cloud-foundation-toolkit.tar.gz,179173656
NL-AMS-LOCGOV/zaakafhandelcomponent,NL-AMS-LOCGOV-zaakafhandelcomponent.tar.gz,416646145
orchestracities/anubis,orchestracities-anubis.tar.gz,333055661
cvat-ai/cvat,cvat-ai-cvat.tar.gz,139156354
stackabletech/opa-operator,stackabletech-opa-operator.tar.gz,358257746
artazar/flux2-general,artazar-flux2-general.tar.gz,538765376
cozystack/cozystack,cozystack-cozystack.tar.gz,721858229
DataDog/security-agent-policies,DataDog-security-agent-policies.tar.gz,283871532
mxab/nacp,mxab-nacp.tar.gz,600415546
microsoft/hcsshim,microsoft-hcsshim.tar.gz,38258831
HoussemDellai/ProductsStoreOnKubernetes,HoussemDellai-ProductsStoreOnKubernetes.tar.gz,150493079
kubewarden/unique-ingress-policy,kubewarden-unique-ingress-policy.tar.gz,713310475
fybrik/charts,fybrik-charts.tar.gz,343231747
openshift-4-compliance/openshift-4-compliance-automation,openshift-4-compliance-openshift-4-compliance-automation.tar.gz,347585116
ergho/homelab-ops,ergho-homelab-ops.tar.gz,467248061
kaapana/kaapana,kaapana-kaapana.tar.gz,285529340
scribe-public/gitgat,scribe-public-gitgat.tar.gz,503625714
TheDarthMole/upswake,TheDarthMole-upswake.tar.gz,700580954
AErmie/DevSecOps,AErmie-DevSecOps.tar.gz,341198103
qlonik/musical-parakeet,qlonik-musical-parakeet.tar.gz,563137602
ossf/alpha-omega,ossf-alpha-omega.tar.gz,426394209
replicatedhq/kots-lint,replicatedhq-kots-lint.tar.gz,250063354
intel/policy-library-intel-azure,intel-policy-library-intel-azure.tar.gz,567901738
PacktPublishing/Kubernetes---An-Enterprise-Guide-2E,PacktPublishing-Kubernetes---An-Enterprise-Guide-2E.tar.gz,385792956
portefaix/portefaix-hub,portefaix-portefaix-hub.tar.gz,317845893
phylum-dev/policy,phylum-dev-policy.tar.gz,613628051
mxlint/mxlint-extension,mxlint-mxlint-extension.tar.gz,843111304
h3mmy/bloopySphere,h3mmy-bloopySphere.tar.gz,421941726
CircleCI-Public/circle-policy-agent,CircleCI-Public-circle-policy-agent.tar.gz,506674544
kubewarden/rego-policies-library,kubewarden-rego-policies-library.tar.gz,902887748
trosvald/home-ops,trosvald-home-ops.tar.gz,843308606
TeiaLabs/tauth,TeiaLabs-tauth.tar.gz,681812491
AlexRogalskiy/kotlin-patterns,AlexRogalskiy-kotlin-patterns.tar.gz,321002290
ratify-project/ratify,ratify-project-ratify.tar.gz,395717930
kubev2v/forklift,kubev2v-forklift.tar.gz,534160590
CloudNativeGBB/cluster-baseline,CloudNativeGBB-cluster-baseline.tar.gz,234174778
kokoichi206/til,kokoichi206-til.tar.gz,386217059
Soluto/airbag,Soluto-airbag.tar.gz,120640711
9elements/firmware-action,9elements-firmware-action.tar.gz,593563066
tyconsulting/BlogPosts,tyconsulting-BlogPosts.tar.gz,63512137
cds-snc/opa_checks,cds-snc-opa_checks.tar.gz,406104572
prancer-io/prancer-compliance-test,prancer-io-prancer-compliance-test.tar.gz,264085623
nakamasato/kubernetes-training,nakamasato-kubernetes-training.tar.gz,260809063
tmobile/magtape,tmobile-magtape.tar.gz,235880772
JamesWoolfenden/terraform-aws-cloudfront-s3,JamesWoolfenden-terraform-aws-cloudfront-s3.tar.gz,196768263
secmon-lab/alertchain,secmon-lab-alertchain.tar.gz,385270439
enterprise-contract/ec-policies,enterprise-contract-ec-policies.tar.gz,476408089
JamesWoolfenden/terraform-aws-ecr,JamesWoolfenden-terraform-aws-ecr.tar.gz,164227247
ministryofjustice/analytical-platform,ministryofjustice-analytical-platform.tar.gz,564809052
kyverno/policies,kyverno-policies.tar.gz,317986632
osinfra-io/datadog-organization-management,osinfra-io-datadog-organization-management.tar.gz,800239557
fybrik/airbyte-module,fybrik-airbyte-module.tar.gz,471479644
open-policy-agent/contrib,open-policy-agent-contrib.tar.gz,89408036
aws-cloudformation/cloudformation-guard,aws-cloudformation-cloudformation-guard.tar.gz,271888852
ioggstream/python-course,ioggstream-python-course.tar.gz,16859689
JJGadgets/Biohazard,JJGadgets-Biohazard.tar.gz,480539981
martin77s/Azure,martin77s-Azure.tar.gz,189301782
bradmccoydev/tfval,bradmccoydev-tfval.tar.gz,419918230
erudinsky/Azure-Bicep-Workshop,erudinsky-Azure-Bicep-Workshop.tar.gz,479857395
Jdavid77/home-cluster,Jdavid77-home-cluster.tar.gz,562264143
spiffe/spire-tutorials,spiffe-spire-tutorials.tar.gz,167443151
timebertt/kubernetes-controller-sharding,timebertt-kubernetes-controller-sharding.tar.gz,450856979
open-policy-agent/opa,open-policy-agent-opa.tar.gz,48714685
cdklabs/cdk-validator-cfnguard,cdklabs-cdk-validator-cfnguard.tar.gz,608128360
wkspower/wks-platform,wkspower-wks-platform.tar.gz,525300352
AlexRogalskiy/scala-patterns,AlexRogalskiy-scala-patterns.tar.gz,321002373
aws-cloudformation/community-registry-extensions,aws-cloudformation-community-registry-extensions.tar.gz,N/A
devops-adeel/terraform-vault-secrets-kv,devops-adeel-terraform-vault-secrets-kv.tar.gz,343418806
Azure/OnBoardVMInsights,Azure-OnBoardVMInsights.tar.gz,140773086
department-of-veterans-affairs/bip-archetypetest,department-of-veterans-affairs-bip-archetypetest.tar.gz,681769382
TorStava/k3s-flux-homelab,TorStava-k3s-flux-homelab.tar.gz,634330681
bank-vaults/bank-vaults,bank-vaults-bank-vaults.tar.gz,124260244
weaveworks/policy-library,weaveworks-policy-library.tar.gz,525737008
equinor/radix-platform,equinor-radix-platform.tar.gz,139951489
thibaultserti/kubernetes,thibaultserti-kubernetes.tar.gz,653602692
thecasualcoder/dobby,thecasualcoder-dobby.tar.gz,169595193
USA-RedDragon/home-cluster-flux,USA-RedDragon-home-cluster-flux.tar.gz,675759099
canada-ca/cloud-guardrails-gcp,canada-ca-cloud-guardrails-gcp.tar.gz,322391001
globalbao/azure-policy-as-code,globalbao-azure-policy-as-code.tar.gz,344983232
ministryofjustice/modernisation-platform,ministryofjustice-modernisation-platform.tar.gz,285297257
spacelift-io/terraform-starter,spacelift-io-terraform-starter.tar.gz,307408985
hashicorp-education/learn-terraform-enforce-policies,hashicorp-education-learn-terraform-enforce-policies.tar.gz,261315075
sangkeon/java-opa-wasm,sangkeon-java-opa-wasm.tar.gz,353066403
hmcts/azure-policy,hmcts-azure-policy.tar.gz,368456992
openinfradev/helm-charts,openinfradev-helm-charts.tar.gz,257862896
DiamondLightSource/authz,DiamondLightSource-authz.tar.gz,722963215
Azure/bicep,Azure-bicep.tar.gz,263503250
aquasecurity/starboard,aquasecurity-starboard.tar.gz,247991727
edgelesssys/uplosi,edgelesssys-uplosi.tar.gz,697660407
fabianlee/blogcode,fabianlee-blogcode.tar.gz,87131656
tmaxbi/hyperdata,tmaxbi-hyperdata.tar.gz,357423969
kube-components-stack/kustomization,kube-components-stack-kustomization.tar.gz,499764654
kata-containers/kata-containers,kata-containers-kata-containers.tar.gz,113404957
toboshii/home-ops,toboshii-home-ops.tar.gz,366592227
gettek/terraform-azurerm-policy-as-code,gettek-terraform-azurerm-policy-as-code.tar.gz,326000526
a1994sc/helm,a1994sc-helm.tar.gz,532432660
back-stack/showcase,back-stack-showcase.tar.gz,725736049
loft-sh/jspolicy,loft-sh-jspolicy.tar.gz,363779064
Azure/Microsoft-Defender-for-Cloud,Azure-Microsoft-Defender-for-Cloud.tar.gz,184655500
datreeio/CRDs-catalog,datreeio-CRDs-catalog.tar.gz,464859166
VerticalRelevance/control-broker,VerticalRelevance-control-broker.tar.gz,454930813
YvosOnTheHub/LabNetApp,YvosOnTheHub-LabNetApp.tar.gz,158808777
AlexRogalskiy/spark-patterns,AlexRogalskiy-spark-patterns.tar.gz,323908907
kubescape/regolibrary,kubescape-regolibrary.tar.gz,401947582
kasmtech/workspaces-core-images,kasmtech-workspaces-core-images.tar.gz,376955920
CanDIG/candig-opa,CanDIG-candig-opa.tar.gz,373250555
tparker00/home-ops,tparker00-home-ops.tar.gz,842052751
Azure/Azure-Network-Security,Azure-Azure-Network-Security.tar.gz,215905001
Azure/azure-powershell,Azure-azure-powershell.tar.gz,23891194
EnterpriseDB/edb-terraform,EnterpriseDB-edb-terraform.tar.gz,520865462
GoogleCloudPlatform/notebooks-blueprint-security,GoogleCloudPlatform-notebooks-blueprint-security.tar.gz,299577715
khulnasoft-lab/starboard,khulnasoft-lab-starboard.tar.gz,679951574
cmacrae/helm-charts,cmacrae-helm-charts.tar.gz,289668721
jtroberts83/Cloud-Custodian,jtroberts83-Cloud-Custodian.tar.gz,95596976
anokfireball/homelab-as-code,anokfireball-homelab-as-code.tar.gz,821732409
krnese/AzureDeploy,krnese-AzureDeploy.tar.gz,43355516
Azure/draft,Azure-draft.tar.gz,429509802
mpapenbr/iracelog-service-manager-go,mpapenbr-iracelog-service-manager-go.tar.gz,603480881
Azure/ausgovcaf-cloudsoe,Azure-ausgovcaf-cloudsoe.tar.gz,371314345
Azure/CanadaPubSecALZ,Azure-CanadaPubSecALZ.tar.gz,402766001
boxp/arch,boxp-arch.tar.gz,755165769
fingerprintjs/fingerprint-pro-cloudfront-integration,fingerprintjs-fingerprint-pro-cloudfront-integration.tar.gz,521233050
bridgecrewio/checkov,bridgecrewio-checkov.tar.gz,224386599
microsoft/Docker-Provider,microsoft-Docker-Provider.tar.gz,54076950
DODAS-TS/opa-bundles,DODAS-TS-opa-bundles.tar.gz,344411728
sighupio/module-policy,sighupio-module-policy.tar.gz,207518853
carbonetes/brainiac,carbonetes-brainiac.tar.gz,630321705
jr0dd/home-ops,jr0dd-home-ops.tar.gz,391769041
Azure/azure-monitor-baseline-alerts,Azure-azure-monitor-baseline-alerts.tar.gz,674724097
JamesWoolfenden/terraform-aws-dax,JamesWoolfenden-terraform-aws-dax.tar.gz,250516587
deckhouse/deckhouse,deckhouse-deckhouse.tar.gz,215783734
elastisys/compliantkubernetes-kubespray,elastisys-compliantkubernetes-kubespray.tar.gz,317570501
litmuschaos/chaos-charts,litmuschaos-chaos-charts.tar.gz,201481561
Azure/azure-blueprints,Azure-azure-blueprints.tar.gz,155265625
gnunn-gitops/cluster-config,gnunn-gitops-cluster-config.tar.gz,289143626
PacktPublishing/Kubernetes-and-Docker-The-Complete-Guide,PacktPublishing-Kubernetes-and-Docker-The-Complete-Guide.tar.gz,257599209
GoogleCloudPlatform/pubsec-declarative-toolkit,GoogleCloudPlatform-pubsec-declarative-toolkit.tar.gz,365317857
ishioni/homelab-ops,ishioni-homelab-ops.tar.gz,551654775
portefaix/portefaix-kubernetes,portefaix-portefaix-kubernetes.tar.gz,308418167
brunostjohn/homelab,brunostjohn-homelab.tar.gz,835446748
mchmarny/s3cme,mchmarny-s3cme.tar.gz,588304121
askmeegs/build-a-platform-with-krm,askmeegs-build-a-platform-with-krm.tar.gz,335349883
saltbo/zpan,saltbo-zpan.tar.gz,211444856
jaehyeon-kim/kafka-pocs,jaehyeon-kim-kafka-pocs.tar.gz,576002271
open-telemetry/weaver,open-telemetry-weaver.tar.gz,754269214
testifysec/archivista-data-provider,testifysec-archivista-data-provider.tar.gz,661009696
XgridInc/xc3,XgridInc-xc3.tar.gz,639498555
boostsecurityio/poutine,boostsecurityio-poutine.tar.gz,784369027
Azure/Azure-Landing-Zones-Library,Azure-Azure-Landing-Zones-Library.tar.gz,764046303
NorskHelsenett/ror,NorskHelsenett-ror.tar.gz,705874642
intelops/genval,intelops-genval.tar.gz,690538834
cert-manager/website,cert-manager-website.tar.gz,194756741
hmcts/cpp-module-terraform-azurerm-aks-config,hmcts-cpp-module-terraform-azurerm-aks-config.tar.gz,556726104
ministryofjustice/cloud-platform-environments,ministryofjustice-cloud-platform-environments.tar.gz,135275788
lowRISC/sonata-software,lowRISC-sonata-software.tar.gz,803275793
onosproject/onos-helm-charts,onosproject-onos-helm-charts.tar.gz,227661730
hashicorp/terraform-sentinel-policies,hashicorp-terraform-sentinel-policies.tar.gz,452328733
cloudposse/terraform-spacelift-cloud-infrastructure-automation,cloudposse-terraform-spacelift-cloud-infrastructure-automation.tar.gz,310365579
BigKAA/youtube,BigKAA-youtube.tar.gz,299611321
nirmata/kyverno-policies,nirmata-kyverno-policies.tar.gz,433150271
lenaxia/home-ops-prod,lenaxia-home-ops-prod.tar.gz,547994422
elastic/cloudbeat,elastic-cloudbeat.tar.gz,459119998
intel/policy-library-intel-aws,intel-policy-library-intel-aws.tar.gz,567901744
kyverno/kyverno-json,kyverno-kyverno-json.tar.gz,697487579
veraison/services,veraison-services.tar.gz,516390850
mrwulf/home-cluster,mrwulf-home-cluster.tar.gz,534835012
jamasten/Azure,jamasten-Azure.tar.gz,252729359
openshift/sandboxed-containers-operator,openshift-sandboxed-containers-operator.tar.gz,286818960
nathanmcnulty/nathanmcnulty,nathanmcnulty-nathanmcnulty.tar.gz,278484970
NewbMiao/opa-koans,NewbMiao-opa-koans.tar.gz,246501863
c0c0n3/kitt4sme.live,c0c0n3-kitt4sme.live.tar.gz,426236824
open-telemetry/semantic-conventions,open-telemetry-semantic-conventions.tar.gz,638591290
monkslc/hyperpolyglot,monkslc-hyperpolyglot.tar.gz,248387967
PipelineAI/pipeline,PipelineAI-pipeline.tar.gz,38730494
Azure/enterprise-azure-policy-as-code,Azure-enterprise-azure-policy-as-code.tar.gz,337162838
nirmata/kyverno-charts,nirmata-kyverno-charts.tar.gz,425362601
jpetazzo/container.training,jpetazzo-container.training.tar.gz,37004081
StatCan/gatekeeper-policies,StatCan-gatekeeper-policies.tar.gz,199915601
snoopy82481/home_cluster,snoopy82481-home_cluster.tar.gz,538720947
controlplaneio/simulator,controlplaneio-simulator.tar.gz,190058730
aws/aws-eks-best-practices,aws-aws-eks-best-practices.tar.gz,217173687
chaijunkin/home-ops,chaijunkin-home-ops.tar.gz,766143611
teutonet/teutonet-helm-charts,teutonet-teutonet-helm-charts.tar.gz,539044505
MAIF/wasmo,MAIF-wasmo.tar.gz,705615829
dotfilesh/ops,dotfilesh-ops.tar.gz,527309382
abuxton/tfx-vmp,abuxton-tfx-vmp.tar.gz,558820288
n4vysh/n4vysh.dev,n4vysh-n4vysh.dev.tar.gz,631620874
elastic/csp-security-policies,elastic-csp-security-policies.tar.gz,424210949
rond-authz/rond,rond-authz-rond.tar.gz,499463016
GoogleCloudPlatform/professional-services,GoogleCloudPlatform-professional-services.tar.gz,91730359
apheon-terra/01_k3s_ops,apheon-terra-01_k3s_ops.tar.gz,623540205
litmuschaos/litmus,litmuschaos-litmus.tar.gz,85039965
nirmata/kyverno-aws-adapter,nirmata-kyverno-aws-adapter.tar.gz,539712990
rootsongjc/cloud-native-library,rootsongjc-cloud-native-library.tar.gz,214626648
lsst-it/k8s-cookbook,lsst-it-k8s-cookbook.tar.gz,242857618
hongbo-miao/hongbomiao.com,hongbo-miao-hongbomiao.com.tar.gz,172822195
UNINETTSigma2/helm-charts,UNINETTSigma2-helm-charts.tar.gz,93739013
Azure/AzureDefender-K8S-InClusterDefense,Azure-AzureDefender-K8S-InClusterDefense.tar.gz,N/A
Devopsmcpatral/Devops,Devopsmcpatral-Devops.tar.gz,709991104
harness/developer-hub,harness-developer-hub.tar.gz,528884267
Cross-Lab-Project/crosslab,Cross-Lab-Project-crosslab.tar.gz,490184055
project-sunbird/sunbird-ed-installer,project-sunbird-sunbird-ed-installer.tar.gz,753579938
AlexRogalskiy/android-patterns,AlexRogalskiy-android-patterns.tar.gz,329963677
pauldotyu/azure-platform-terraform,pauldotyu-azure-platform-terraform.tar.gz,382422414
terraform-in-action/manning-code,terraform-in-action-manning-code.tar.gz,189592382
stackabletech/hdfs-utils,stackabletech-hdfs-utils.tar.gz,747281304
sapcc/helm-charts,sapcc-helm-charts.tar.gz,72561765
GoogleCloudPlatform/gcp-getting-started-lab-jp,GoogleCloudPlatform-gcp-getting-started-lab-jp.tar.gz,188141007
star3am/hashiqube,star3am-hashiqube.tar.gz,663240320
HC-IPPM/devsecops-platform,HC-IPPM-devsecops-platform.tar.gz,794756486
Azure/ai-hub,Azure-ai-hub.tar.gz,757336183
Sunbird-Lern/userorg-service,Sunbird-Lern-userorg-service.tar.gz,96121797
Obmondo/kubeaid,Obmondo-kubeaid.tar.gz,588096510
Azure/ARO-RP,Azure-ARO-RP.tar.gz,224878780
bestchains/installer,bestchains-installer.tar.gz,580737584
StyraInc/regal,StyraInc-regal.tar.gz,592365615
AlexRogalskiy/quotes,AlexRogalskiy-quotes.tar.gz,334777292
erkules/dufluxdu,erkules-dufluxdu.tar.gz,500604744
Apersant1/Spottier,Apersant1-Spottier.tar.gz,692842067
netscaler/netscaler-k8s-ingress-controller,netscaler-netscaler-k8s-ingress-controller.tar.gz,149721171
raffaelespazzoli/openshift-enablement-exam,raffaelespazzoli-openshift-enablement-exam.tar.gz,70494103
GoogleCloudPlatform/policy-library,GoogleCloudPlatform-policy-library.tar.gz,178277843
lfn-cnti/testsuite,lfn-cnti-testsuite.tar.gz,234632572
stacklet/shift-left-foundations-pack,stacklet-shift-left-foundations-pack.tar.gz,604159163
cloud-gov/compliance,cloud-gov-compliance.tar.gz,45255895
pulumi/customer-managed-deployment-agent,pulumi-customer-managed-deployment-agent.tar.gz,734080183
fybrik/fybrik,fybrik-fybrik.tar.gz,293918210
GoogleCloudPlatform/anthos-appconfig,GoogleCloudPlatform-anthos-appconfig.tar.gz,192810846
anza-labs/manifests,anza-labs-manifests.tar.gz,N/A
Cybersecurity-Certification-Hub/security-metrics,Cybersecurity-Certification-Hub-security-metrics.tar.gz,778337462
kyma-project/test-infra,kyma-project-test-infra.tar.gz,147495537
cisagov/ScubaGoggles,cisagov-ScubaGoggles.tar.gz,670199969
GoogleCloudPlatform/federated-learning,GoogleCloudPlatform-federated-learning.tar.gz,447134645
GoogleCloudPlatform/terraform-google-enterprise-genai,GoogleCloudPlatform-terraform-google-enterprise-genai.tar.gz,777420932
Geeks-Academy/terraform,Geeks-Academy-terraform.tar.gz,289713692
jouve/charts,jouve-charts.tar.gz,641652568
Azure/ALZ-Bicep,Azure-ALZ-Bicep.tar.gz,396743838
kubewarden/disallow-service-nodeport-policy,kubewarden-disallow-service-nodeport-policy.tar.gz,407485149
dipankardas011/Learn-Cloud-Native-Tools,dipankardas011-Learn-Cloud-Native-Tools.tar.gz,455950566
mathieu-benoit/ci-with-helm,mathieu-benoit-ci-with-helm.tar.gz,535925718
HummerRisk/HummerRisk,HummerRisk-HummerRisk.tar.gz,499359479
hashicorp/nomad-guides,hashicorp-nomad-guides.tar.gz,110382535
devspace-cloud/devspace-cloud,devspace-cloud-devspace-cloud.tar.gz,197343751
CiscoDevNet/sdwan-devops,CiscoDevNet-sdwan-devops.tar.gz,197055843
qbeyond/terraform-azurerm-archetype-lib,qbeyond-terraform-azurerm-archetype-lib.tar.gz,645334508
DaoCloud/dce-charts-repackage,DaoCloud-dce-charts-repackage.tar.gz,521113807
Nordix/metal3-clusterapi-docs,Nordix-metal3-clusterapi-docs.tar.gz,206261010
neilmfrench/homelab-prod,neilmfrench-homelab-prod.tar.gz,586082284
aquasecurity/postee,aquasecurity-postee.tar.gz,75539205
digicatapult/veritable-cloudagent,digicatapult-veritable-cloudagent.tar.gz,660099340
rallyhealth/conftest-policy-packs,rallyhealth-conftest-policy-packs.tar.gz,371760649
confluentinc/policy-library-confluent-terraform,confluentinc-policy-library-confluent-terraform.tar.gz,614974702
stylescube/Sam-s-Custodian,stylescube-Sam-s-Custodian.tar.gz,170404183
dettanym/prose,dettanym-prose.tar.gz,587935554
GSA/grace-cloudcustodian,GSA-grace-cloudcustodian.tar.gz,209335437
c0c0n3/teadal.proto,c0c0n3-teadal.proto.tar.gz,591431972
mitodl/ol-infrastructure,mitodl-ol-infrastructure.tar.gz,267145677
Parsifal-M/backstage-opa-plugins,Parsifal-M-backstage-opa-plugins.tar.gz,606474191
magda-io/magda,magda-io-magda.tar.gz,66343967
deployKF/deployKF,deployKF-deployKF.tar.gz,614078982
auricom/home-ops,auricom-home-ops.tar.gz,314181082
prancer-io/prancer-hello-world,prancer-io-prancer-hello-world.tar.gz,265148374
meshcloud/collie-hub,meshcloud-collie-hub.tar.gz,490416297
OpenMPDK/dss-minio,OpenMPDK-dss-minio.tar.gz,465173638
nuts-foundation/nuts-workshops,nuts-foundation-nuts-workshops.tar.gz,160206718
DoD-Platform-One/Gatekeeper,DoD-Platform-One-Gatekeeper.tar.gz,696977286
pagopa/eng-azure-governance,pagopa-eng-azure-governance.tar.gz,456850243
Vikaspogu/openshift-multicluster,Vikaspogu-openshift-multicluster.tar.gz,506817262
anderseknert/opal,anderseknert-opal.tar.gz,304718789
chen-keinan/mesh-kridik,chen-keinan-mesh-kridik.tar.gz,413327567
alibaba/SREWorks,alibaba-SREWorks.tar.gz,470487478
microsoft/fabric-toolbox,microsoft-fabric-toolbox.tar.gz,656801299
dmwm/CMSKubernetes,dmwm-CMSKubernetes.tar.gz,123613440
aws-cloudformation/rain,aws-cloudformation-rain.tar.gz,185874127
Azure/terraform-azurerm-caf-enterprise-scale,Azure-terraform-azurerm-caf-enterprise-scale.tar.gz,298040750
defenseunicorns/lula,defenseunicorns-lula.tar.gz,530354374
adhar-io/adhar,adhar-io-adhar.tar.gz,713137530
solo-io/hoot,solo-io-hoot.tar.gz,307173863
prefapp/daggerverse,prefapp-daggerverse.tar.gz,775972909
open-policy-agent/frameworks,open-policy-agent-frameworks.tar.gz,173843668
jostrm/azure-enterprise-scale-ml,jostrm-azure-enterprise-scale-ml.tar.gz,354982755
NovaMachina/home-ops,NovaMachina-home-ops.tar.gz,843618674
CHERIoT-Platform/network-stack,CHERIoT-Platform-network-stack.tar.gz,731279129
PacktPublishing/Kubernetes-An-Enterprise-Guide-Third-Edition,PacktPublishing-Kubernetes-An-Enterprise-Guide-Third-Edition.tar.gz,650449161
intelops/policyhub,intelops-policyhub.tar.gz,734656199
AlexRogalskiy/charts,AlexRogalskiy-charts.tar.gz,337395887
cbc02009/k8s-home-ops,cbc02009-k8s-home-ops.tar.gz,516091372
Azure/azure-policy,Azure-azure-policy.tar.gz,98492017
SocialGouv/infra-apps,SocialGouv-infra-apps.tar.gz,824555176
DoD-Platform-One/Kyverno-Policies,DoD-Platform-One-Kyverno-Policies.tar.gz,696977432
AlexRogalskiy/screenshots,AlexRogalskiy-screenshots.tar.gz,338610006
gucio1200/home-infra,gucio1200-home-infra.tar.gz,580849095
aws/aws-cdk,aws-aws-cdk.tar.gz,105808767
GoogleCloudPlatform/solution-acceleration-toolkit,GoogleCloudPlatform-solution-acceleration-toolkit.tar.gz,232851813
aquasecurity/avd-generator,aquasecurity-avd-generator.tar.gz,287123296
armory/se-spinnaker-config,armory-se-spinnaker-config.tar.gz,276706613
kubewarden/raw-validation-opa-policy,kubewarden-raw-validation-opa-policy.tar.gz,709390468
TkPegatron/homelab-k8sflux,TkPegatron-homelab-k8sflux.tar.gz,680816790
Snowflake-Labs/sansshell,Snowflake-Labs-sansshell.tar.gz,411709740
odahu/odahu-flow,odahu-odahu-flow.tar.gz,219930786
budimanjojo/home-cluster,budimanjojo-home-cluster.tar.gz,381001331
daluca/cloud,daluca-cloud.tar.gz,588761522
Bearer/bearer,Bearer-bearer.tar.gz,542197924
koralium/OPADotNet,koralium-OPADotNet.tar.gz,390546533
CharbelNemnom/Power-MVP-Elite,CharbelNemnom-Power-MVP-Elite.tar.gz,114026513
educates/educates-training-platform,educates-educates-training-platform.tar.gz,476091798
FalkWinkler/k3s-gitops,FalkWinkler-k3s-gitops.tar.gz,437833524
opendatahub-io-contrib/data-mesh-pattern,opendatahub-io-contrib-data-mesh-pattern.tar.gz,619387142
Legit-Labs/legitify,Legit-Labs-legitify.tar.gz,513947555
samip5/k8s-cluster,samip5-k8s-cluster.tar.gz,387935428
data-catering/insta-infra,data-catering-insta-infra.tar.gz,807386292
valitydev/bouncer-policies,valitydev-bouncer-policies.tar.gz,452198096
premisedata/gcp-tutorials,premisedata-gcp-tutorials.tar.gz,368586354
tkestack/charts,tkestack-charts.tar.gz,394871206
ardanlabs/liarsdice,ardanlabs-liarsdice.tar.gz,515274699
nexodus-io/nexodus,nexodus-io-nexodus.tar.gz,545068542
jsa4000/homelab-ops,jsa4000-homelab-ops.tar.gz,770867638
tyconsulting/azurepolicy,tyconsulting-azurepolicy.tar.gz,145643478
labring-actions/cluster-image,labring-actions-cluster-image.tar.gz,484095473
ollionorg/gcp-landing-zone,ollionorg-gcp-landing-zone.tar.gz,529133508
azsk/AzTS-docs,azsk-AzTS-docs.tar.gz,357971808
rancher/partner-charts,rancher-partner-charts.tar.gz,276161202
linkedin/openhouse,linkedin-openhouse.tar.gz,756620350
par-tec/super-sast,par-tec-super-sast.tar.gz,578201834
soulwhisper/homelab-ops,soulwhisper-homelab-ops.tar.gz,857193770
cert-manager/cert-manager,cert-manager-cert-manager.tar.gz,92313258
kubernetes/k8s.io,kubernetes-k8s.io.tar.gz,66314075
Azure/aks-app-routing-operator,Azure-aks-app-routing-operator.tar.gz,475550441
project-sunbird/sunbird-devops,project-sunbird-sunbird-devops.tar.gz,96124296
tuxpeople/k8s-homelab,tuxpeople-k8s-homelab.tar.gz,372035867
GoogleCloudPlatform/terraform-google-secured-data-warehouse,GoogleCloudPlatform-terraform-google-secured-data-warehouse.tar.gz,363251886
crossplane/tbs,crossplane-tbs.tar.gz,201123926
SebastiaanPasterkamp/dndmachine,SebastiaanPasterkamp-dndmachine.tar.gz,441257538
awslabs/idf-modules,awslabs-idf-modules.tar.gz,612266272
blaqvikin/Powershell-In-The-Making,blaqvikin-Powershell-In-The-Making.tar.gz,232899500
killer-sh/cks-course-environment,killer-sh-cks-course-environment.tar.gz,313927079
kube-tarian/helmrepo-supporting-tools,kube-tarian-helmrepo-supporting-tools.tar.gz,586611976
JamesWoolfenden/terraform-aws-activemq,JamesWoolfenden-terraform-aws-activemq.tar.gz,233854093
artifacthub/hub,artifacthub-hub.tar.gz,233809604
spiffe/spire,spiffe-spire.tar.gz,100061496
azurenoops/ref-scca-enclave-policy-starter,azurenoops-ref-scca-enclave-policy-starter.tar.gz,636743203
BrunoReboul/terraform-google-realtime-asset-monitor,BrunoReboul-terraform-google-realtime-asset-monitor.tar.gz,390600082
Azure/Community-Policy,Azure-Community-Policy.tar.gz,221338252
lakekeeper/lakekeeper,lakekeeper-lakekeeper.tar.gz,782635104
nonfx/starchitect-cloudguard,nonfx-starchitect-cloudguard.tar.gz,890339082
ollionorg/cloud-custodian-aws-policies,ollionorg-cloud-custodian-aws-policies.tar.gz,589451155
meshery/meshery,meshery-meshery.tar.gz,157554479
konflux-ci/konflux-ci,konflux-ci-konflux-ci.tar.gz,769559541
andrewkrug/securing-the-cloud-supplemental,andrewkrug-securing-the-cloud-supplemental.tar.gz,332268528
noobient/noobuntu,noobient-noobuntu.tar.gz,199827146
atea/tc24-infraops,atea-tc24-infraops.tar.gz,785581158
fybrik/hello-world-read-module,fybrik-hello-world-read-module.tar.gz,350021494
devantler-tech/platform,devantler-tech-platform.tar.gz,494599576
Checkmarx/kics,Checkmarx-kics.tar.gz,278200746
aws-ia/terraform-aws-eks-blueprints,aws-ia-terraform-aws-eks-blueprints.tar.gz,355360954
FlorisFeddema/homelab,FlorisFeddema-homelab.tar.gz,553177213
helderpinto/AzureUpdateManagerTools,helderpinto-AzureUpdateManagerTools.tar.gz,695604077
YunosukeY/policy-for-pss,YunosukeY-policy-for-pss.tar.gz,571097584
clouditor/clouditor,clouditor-clouditor.tar.gz,186387230
RafaySystems/getstarted,RafaySystems-getstarted.tar.gz,429970371
jfroy/flatops,jfroy-flatops.tar.gz,764972992
GersonRS/modern-gitops-stack-module-metallb,GersonRS-modern-gitops-stack-module-metallb.tar.gz,781495028
aquasecurity/tracee-action,aquasecurity-tracee-action.tar.gz,366879318
joshuaspence/homelab,joshuaspence-homelab.tar.gz,278581941
autokitteh/autokitteh,autokitteh-autokitteh.tar.gz,758802433
DMTF/spdm-emu,DMTF-spdm-emu.tar.gz,357250260
DoD-Platform-One/gitlab-runner,DoD-Platform-One-gitlab-runner.tar.gz,692182453
HC-IPPM/safe-inputs,HC-IPPM-safe-inputs.tar.gz,513294989
factorhouse/kpow-local,factorhouse-kpow-local.tar.gz,218170098
likvid-bank/likvid-cloudfoundation,likvid-bank-likvid-cloudfoundation.tar.gz,515181153
external-secrets/external-secrets,external-secrets-external-secrets.tar.gz,313628863
jamelachahbar/AzureOptimizer,jamelachahbar-AzureOptimizer.tar.gz,818733830
